,Name,Domain,Year founded,Industry,Size range,Locality,Linkedin url,Current employee estimate,Total employee estimate
1996,Lorrin,EU,1996,ESUD,174.68.56.193,PO Box 35770,87.31.191.181,83,83
1994,Orly,NA,1994,PALP,165.209.133.16,PO Box 82026,157.128.96.67,6,80
1996,Martguerita,NA,1996,CYCE,91.113.163.73,Apt 420,142.159.32.31,23,32
2006,Cherida,AS,2006,RPMV,162.24.137.57,Room 330,203.206.214.209,81,35
2009,Darwin,AS,2009,RJNW,41.205.148.216,PO Box 13887,77.148.94.8,4,76
2006,Herb,NA,2006,KCRT,25.211.10.132,PO Box 75319,231.222.245.210,45,37
2006,Alicia,NA,2006,KSVH,74.75.252.161,PO Box 76347,62.122.89.171,77,71
1985,Avery,AF,1985,GAGM,112.213.220.118,Room 384,213.28.24.144,56,9
2008,Rhett,EU,2008,LIMF,176.195.167.242,PO Box 28336,225.111.234.10,63,29
1997,Oren,NA,1997,3AK5,62.127.222.33,Suite 62,73.15.130.215,34,51
2005,Prentiss,AF,2005,FCOS,227.234.95.225,Suite 92,117.154.61.197,25,71
1965,Gerry,NA,1965,,246.234.106.38,Apt 1897,79.210.223.0,62,99
1993,Cara,NA,1993,KVLA,205.208.217.170,Room 1185,183.72.144.48,62,34
2000,Sylvan,SA,2000,SBPB,157.186.87.249,PO Box 10065,138.211.209.2,87,19
1986,Tony,NA,1986,KSKY,250.15.248.95,Room 1002,75.225.97.170,73,56
2004,Damita,OC,2004,,250.252.156.71,12th Floor,16.188.134.99,30,94
2007,Kerianne,NA,2007,KRDU,215.104.71.71,Suite 99,248.72.176.202,1,13
1991,Rancell,NA,1991,CSB2,148.78.160.224,PO Box 38363,57.120.244.32,24,92
1992,Sanders,AS,1992,VCBI,72.18.122.130,Room 1705,183.9.85.59,70,95
1993,Pasquale,OC,1993,AGVH,46.243.103.219,Apt 1694,193.234.163.224,63,27
1995,Perren,NA,1995,KGIC,181.66.178.230,3rd Floor,243.168.217.248,49,73
2003,Beatriz,NA,2003,KDVN,81.38.162.175,Apt 1646,21.186.145.76,12,31
2011,Ricki,NA,2011,PAWG,32.3.6.233,PO Box 17665,99.16.220.8,76,31
2009,Thornie,EU,2009,URMO,165.252.66.51,Apt 1441,104.182.57.214,49,79
1993,Kaye,EU,1993,EGAE,248.208.174.10,Room 397,6.20.71.70,72,27
2012,Goldarina,EU,2012,EPKZ,48.61.144.239,Room 506,123.10.196.42,22,100
2012,Donalt,AS,2012,WIPH,4.12.195.88,Suite 13,199.67.202.43,5,12
1992,Jane,AS,1992,VOCL,44.48.121.191,16th Floor,86.231.88.249,75,77
2005,Loren,AS,2005,ZGCJ,97.228.41.12,Apt 326,118.230.210.149,78,80
2009,Codi,SA,2009,SWXQ,111.227.93.103,11th Floor,75.138.219.49,55,24
1993,Kimmi,OC,1993,YWBS,31.36.145.140,Suite 76,199.235.163.242,100,58
1992,Ephrayim,OC,1992,NZWF,66.143.118.147,Apt 681,214.76.49.34,63,67
2007,Margi,NA,2007,KPSF,131.16.82.105,Apt 1040,88.30.237.44,68,99
1990,Marmaduke,AS,1990,OIFM,97.210.47.15,Suite 9,88.200.38.167,35,89
1994,Dru,NA,1994,KLWV,28.15.66.31,Apt 1721,144.61.153.217,98,97
1997,Drud,NA,1997,KDKK,216.192.220.170,PO Box 49061,235.81.251.47,60,23
1970,Yul,EU,1970,UESK,85.35.54.117,PO Box 53663,46.91.232.211,78,48
2009,Berny,EU,2009,LEVC,135.61.162.125,Suite 16,40.238.88.45,17,13
1994,Rozalie,OC,1994,NFOL,234.114.91.60,Apt 1185,167.236.56.145,63,52
2006,Dennison,NA,2006,KIMM,185.24.161.18,Suite 51,16.30.203.47,43,24
1997,Osmund,OC,1997,NZHN,101.247.207.197,PO Box 70044,58.194.115.152,52,27
2010,Flory,OC,2010,YMIA,246.213.235.27,Room 637,250.46.244.3,50,38
1989,Justinian,NA,1989,,159.44.2.213,Suite 2,208.47.103.64,19,65
2013,Nathalia,NA,2013,MYAP,122.238.86.242,Suite 41,153.8.146.79,8,12
1999,Gus,NA,1999,CYME,147.23.48.93,Apt 1439,64.154.31.163,81,40
2001,Rowena,NA,2001,KACK,25.133.73.249,PO Box 59445,90.145.14.52,2,84
2009,Myrah,OC,2009,AYPE,10.1.193.100,Suite 74,36.7.123.64,72,93
2008,Dania,AS,2008,WASF,2.162.167.38,PO Box 90595,81.77.165.75,14,50
2009,Dorella,EU,2009,EIMN,148.69.81.148,PO Box 99558,225.36.207.189,78,70
1996,Levon,NA,1996,CYHP,2.78.75.181,Room 1443,6.107.90.17,65,89
2000,Haily,EU,2000,LFKF,177.20.97.156,Suite 71,7.201.64.104,65,1
1994,Adrienne,SA,1994,SATK,60.106.183.203,20th Floor,44.230.61.126,14,21
2002,Carey,NA,2002,CYIO,30.56.51.129,7th Floor,159.251.89.232,100,48
1994,Evaleen,OC,1994,YCNK,59.186.161.88,PO Box 12575,94.237.131.181,25,91
1994,Adella,SA,1994,SKSO,58.16.86.218,Room 309,94.116.198.143,84,19
2003,Zackariah,AS,2003,OPTU,61.28.39.14,1st Floor,182.229.56.160,6,52
2002,Lexine,OC,2002,YCIN,188.73.237.254,Suite 32,226.83.212.172,6,27
2009,Estevan,AS,2009,WAOK,99.47.212.118,Room 774,247.22.11.246,19,2
1995,Rodi,NA,1995,,56.252.85.248,PO Box 57779,221.244.208.94,68,44
2006,Deloria,NA,2006,MYCC,21.255.155.86,14th Floor,197.217.145.54,43,75
1994,Floria,SA,1994,SBPG,113.2.100.184,Room 1948,132.80.67.114,82,42
1997,Bobbye,AS,1997,OOSR,147.189.112.35,Suite 63,240.55.23.214,62,12
2007,Roseanne,NA,2007,KPOU,125.72.149.25,PO Box 28599,64.39.111.216,81,19
2010,Xylina,NA,2010,KCLR,52.27.226.15,Suite 23,64.225.239.2,97,29
2004,Alfie,NA,2004,KCRT,129.151.155.152,Suite 87,240.218.2.152,81,49
2005,Hedy,NA,2005,KBBP,11.172.201.141,1st Floor,175.102.162.7,81,90
1967,Roch,NA,1967,CYRV,51.60.89.212,PO Box 48412,167.225.184.93,12,14
2006,Itch,AS,2006,RCQC,220.69.19.117,Apt 1272,85.2.126.249,46,41
1999,Kenny,AF,1999,FYMG,40.170.8.225,PO Box 33966,201.25.147.125,44,61
1993,Marlie,SA,1993,SBBW,139.194.116.43,PO Box 57967,51.248.35.80,22,5
1999,Yevette,EU,1999,LGKL,250.164.60.9,PO Box 4926,188.7.25.87,24,65
1996,Emlynne,AS,1996,ZPLJ,33.252.51.219,Apt 488,129.73.38.37,43,28
2008,Tillie,NA,2008,KRWF,98.109.195.242,Suite 68,32.214.155.54,24,85
1998,Welbie,AS,1998,ZGFS,183.18.254.120,1st Floor,9.75.9.134,96,33
2006,Gavrielle,OC,2006,NTGT,42.153.7.108,Room 647,14.72.141.96,97,46
2004,Waldo,AS,2004,LTBD,222.43.172.75,Room 680,223.15.240.42,18,14
2012,Lorne,AS,2012,UNNT,237.146.125.140,Apt 1954,224.18.60.206,53,24
2007,Fairleigh,SA,2007,,101.251.198.50,Apt 1558,157.113.241.188,82,54
2000,Theressa,SA,2000,,22.37.40.30,Suite 96,11.22.110.115,53,54
2010,Shir,EU,2010,LIBF,128.116.250.24,Room 984,202.54.126.189,3,80
2012,Hughie,NA,2012,MNPC,57.233.189.100,PO Box 86170,145.195.251.47,33,99
2000,Gustavus,NA,2000,CYMJ,241.62.190.150,PO Box 3045,74.41.68.164,7,98
2009,Mame,NA,2009,CYRO,86.77.93.6,Apt 1883,0.0.140.107,59,42
2004,Ashla,NA,2004,KOFK,242.189.50.211,PO Box 84946,34.58.102.220,31,51
1999,Floris,NA,1999,CYWK,142.162.69.254,17th Floor,173.45.48.249,40,32
1996,Casar,AF,1996,DNAI,96.235.207.45,PO Box 21711,245.207.120.188,61,71
2008,Bebe,AF,2008,FCPD,231.250.62.32,Apt 615,70.60.169.119,36,87
2006,Rozalie,EU,2006,ESNO,20.240.9.167,Suite 56,98.138.14.83,97,15
1992,Cosmo,NA,1992,KTOR,176.142.236.96,Suite 61,119.26.176.237,68,63
1985,Harbert,NA,1985,KLFK,158.108.117.50,Room 1948,143.138.244.2,52,45
2003,Chryste,NA,2003,KUIZ,77.159.17.244,Room 223,241.213.108.236,37,33
2000,Delano,EU,2000,ESSV,184.52.10.55,Apt 913,97.27.161.65,67,55
2012,Lissy,SA,2012,SNVD,23.98.191.250,PO Box 29976,140.128.136.4,16,94
2008,Irving,SA,2008,SAZR,43.148.178.107,7th Floor,130.181.128.46,46,27
2009,Kaylil,AF,2009,DFOB,52.141.150.14,14th Floor,46.228.162.168,40,74
1994,Carlynn,EU,1994,LKZA,214.255.137.57,Apt 617,56.95.158.177,43,36
2007,Christy,AF,2007,HSPN,23.229.169.223,19th Floor,184.66.22.11,100,1
2000,Talbert,AF,2000,FAOR,134.119.141.104,Suite 72,142.129.123.236,26,7
2002,Melli,SA,2002,SESC,41.165.197.224,Suite 2,3.137.166.197,35,27
1992,Berny,AS,1992,VNBJ,79.138.173.31,Apt 561,193.71.176.135,71,11
2010,Ludovico,OC,2010,YWDA,150.76.180.91,15th Floor,106.177.215.209,92,94
1995,Lincoln,NA,1995,BYA,177.50.252.144,Room 1123,49.57.252.32,70,95
1996,Kile,SA,1996,,220.65.68.112,Suite 84,181.108.253.10,99,41
2002,Darwin,SA,2002,SSSQ,106.233.248.40,Apt 364,31.149.36.199,94,87
2006,Clarey,NA,2006,CNJ8,229.214.244.106,Suite 45,207.116.24.189,34,39
2007,Julissa,NA,2007,PAQH,62.252.81.142,Suite 60,113.189.110.78,91,45
2003,Rog,AS,2003,OAGN,40.100.144.46,Room 1976,192.87.9.22,11,72
1991,Quentin,AS,1991,VCRI,78.174.246.199,19th Floor,22.112.164.82,13,33
1992,Wilfrid,AF,1992,FMNR,12.228.180.74,PO Box 47609,239.158.215.223,55,15
2004,Bevan,AF,2004,FANS,11.128.112.243,Apt 1606,246.23.232.65,77,98
2008,Lyon,AF,2008,FZMB,131.46.139.151,Suite 16,124.164.95.129,78,100
2003,Kin,SA,2003,SAHE,156.102.154.54,Suite 43,23.235.58.254,15,42
2009,Davine,AF,2009,,212.195.156.93,Room 1210,4.5.176.10,91,50
1993,Jarred,SA,1993,SNMB,42.183.137.0,Apt 194,38.7.27.33,66,52
1996,Waverley,SA,1996,SVMD,205.164.63.227,Suite 41,70.120.23.100,65,4
1998,Lilas,NA,1998,KKIC,168.214.250.55,9th Floor,83.189.222.149,42,72
1998,Angeli,EU,1998,UWUF,186.97.115.183,19th Floor,49.128.147.199,67,94
2003,Calley,EU,2003,LGPA,58.0.28.198,11th Floor,153.233.252.104,49,89
2005,Celestyn,NA,2005,CYWY,9.40.181.235,6th Floor,3.6.242.189,52,75
2007,Marena,AF,2007,FQAG,40.96.226.33,Apt 802,238.164.27.76,94,41
2006,Zachariah,AF,2006,FAVG,98.34.32.242,Suite 92,4.155.147.34,7,87
2010,Cort,AF,2010,FAAL,231.185.158.119,PO Box 33158,39.180.232.232,77,22
2004,Natividad,AF,2004,FKKC,164.136.20.188,Apt 709,140.78.208.110,24,100
2006,Jone,AF,2006,FYKM,77.144.148.119,Room 640,73.93.158.219,71,7
2007,Alyosha,EU,2007,LIRL,92.247.154.244,Room 670,192.25.9.56,94,96
2007,Carola,OC,2007,,210.87.10.134,Room 348,109.243.124.143,29,52
2004,Elysha,AS,2004,RJAH,95.94.239.236,1st Floor,129.232.54.89,90,46
2006,Adriena,OC,2006,,108.197.133.58,10th Floor,111.252.139.209,97,85
2005,Zane,AF,2005,FYOA,162.226.214.182,Room 1103,202.140.70.49,93,64
2002,Betta,AF,2002,FAAB,163.198.119.155,Apt 1751,229.152.104.21,44,31
2012,Darsie,SA,2012,SWFX,203.131.91.144,PO Box 2290,201.113.66.145,1,48
2010,Clio,AS,2010,WARE,72.80.210.66,Suite 95,78.192.2.141,25,39
1993,Corissa,SA,1993,SOOS,0.79.134.90,Suite 100,184.35.39.69,67,68
1994,Kalindi,AS,1994,LTCT,207.139.38.181,PO Box 90996,222.93.99.139,98,80
1993,Lindon,EU,1993,EGWU,249.193.37.182,Room 774,37.41.237.50,22,49
1998,Amelia,NA,1998,K8A6,109.9.198.128,Apt 1740,104.213.216.219,71,53
2004,Karoly,EU,2004,EGVF,27.231.140.102,Suite 55,225.252.24.105,21,6
2011,Lela,AF,2011,HSSM,84.117.228.74,Apt 453,36.194.50.131,47,29
2005,Debbi,EU,2005,BIRL,236.3.27.80,PO Box 55703,88.254.199.147,79,25
2005,Rolph,NA,2005,,161.235.171.204,Suite 73,165.137.193.126,19,52
2011,Ganny,AS,2011,LTBS,5.75.99.141,18th Floor,221.180.40.26,8,74
2012,Donn,NA,2012,KSAR,74.2.178.7,9th Floor,128.63.98.208,28,39
2000,Thomasa,EU,2000,EGEF,142.202.92.10,Room 22,169.70.72.82,55,71
2011,Minor,AF,2011,,170.57.95.99,PO Box 63072,92.242.217.225,41,92
1991,Lorene,EU,1991,LETL,247.16.6.138,18th Floor,233.68.145.81,23,42
2009,Constantin,EU,2009,EDAU,5.143.1.159,Suite 5,24.230.2.237,62,10
1997,Marlie,SA,1997,,224.136.56.21,Room 1688,98.65.255.160,28,45
2006,Petrina,OC,2006,AYSV,123.62.58.35,Room 1844,235.28.227.163,96,77
2002,Josee,NA,2002,KT03,57.238.164.28,Apt 1000,188.39.238.101,14,25
2006,Ugo,EU,2006,UWUB,20.215.60.122,Room 1007,173.58.174.93,60,67
2008,Raye,NA,2008,KMPJ,150.96.63.103,12th Floor,167.145.107.250,92,17
2003,Selene,AF,2003,DNMK,164.25.146.33,Suite 64,119.61.168.169,47,52
2006,Loreen,AS,2006,USHB,198.33.124.120,Apt 1663,24.20.173.98,57,23
1972,Savina,AS,1972,VLSN,95.11.66.54,Room 1895,12.41.123.163,33,36
2012,Jocelyne,AS,2012,VTBD,142.171.122.120,PO Box 55147,51.32.97.92,54,45
1990,Dwayne,NA,1990,,96.52.174.228,Suite 45,21.109.175.10,26,19
2006,Carleton,AS,2006,OEGS,246.11.191.46,9th Floor,143.192.202.51,60,70
2006,Simona,AF,2006,FZRA,61.63.128.150,Room 122,95.24.54.46,50,81
2003,Mollie,NA,2003,KCEZ,200.193.103.192,Room 1698,193.53.202.53,69,33
1993,Tan,OC,1993,NZFJ,41.83.235.104,10th Floor,114.221.250.12,62,35
1995,Hilary,NA,1995,,238.205.41.232,Room 1042,236.209.165.153,98,1
2004,Gilemette,AF,2004,FAVY,15.159.66.153,Room 1246,205.234.231.153,98,47
2013,Venita,AS,2013,VIJU,134.173.121.102,Apt 1995,130.117.201.186,79,92
1996,Rik,NA,1996,KTHM,122.62.61.42,Room 1351,123.98.100.172,16,78
2000,Isa,SA,2000,SNTI,31.172.130.32,PO Box 62965,19.19.12.196,19,92
2003,Archibold,AS,2003,RJER,243.7.203.131,PO Box 68166,244.172.220.245,72,82
1993,Dulcine,NA,1993,KMJX,222.85.31.227,13th Floor,100.78.17.66,27,39
1999,Randy,AF,1999,GOGS,67.147.90.43,6th Floor,124.124.110.78,92,66
1995,Vivyanne,AF,1995,FPST,247.44.41.157,2nd Floor,232.134.88.131,36,2
1994,Culver,NA,1994,KGIF,69.222.173.61,PO Box 58124,207.151.156.21,49,29
2010,Elnora,SA,2010,SBSG,29.99.98.130,17th Floor,137.39.141.104,47,41
2013,Tremayne,EU,2013,UUMO,211.183.212.244,Suite 66,207.125.153.111,2,93
1991,Leonhard,AF,1991,FAGG,122.23.46.102,Apt 1220,144.118.18.61,65,70
2011,Henka,EU,2011,ENRY,41.188.110.156,PO Box 82642,136.150.105.76,58,95
1987,Celinda,EU,1987,EDDB,233.8.27.233,Room 736,153.159.88.186,63,13
2011,Luce,SA,2011,SKHC,4.145.110.252,Suite 34,106.36.180.187,64,73
2010,Brynna,OC,2010,YMEN,183.208.26.144,Apt 1126,2.194.190.194,84,58
2002,Annetta,NA,2002,PAPH,161.141.150.31,2nd Floor,180.193.18.160,36,50
2001,Gwenore,EU,2001,EFSO,99.77.2.91,16th Floor,253.128.197.108,94,14
2008,Theadora,SA,2008,SNVG,43.24.59.225,Room 931,239.35.155.237,28,60
2008,Lisetta,AS,2008,VYBP,72.141.38.160,PO Box 84294,127.215.61.27,88,66
2003,Jacobo,NA,2003,KBBP,239.41.14.139,Room 742,7.11.58.100,100,58
1996,Amara,AF,1996,DNKN,123.49.80.107,Apt 1582,207.155.230.13,86,14
2002,Wittie,AF,2002,HALA,82.111.245.65,Apt 742,212.185.169.181,55,77
2008,Pierette,AF,2008,FZFK,185.63.99.13,Apt 257,95.152.209.238,89,17
2002,Agretha,OC,2002,AYRK,165.93.219.147,Suite 94,232.12.200.245,85,71
1995,Farlie,EU,1995,LGIO,73.151.168.229,PO Box 83170,220.152.165.99,33,27
2000,Nollie,OC,2000,YMDS,145.11.99.157,PO Box 94758,232.207.124.227,42,6
2008,Aleksandr,OC,2008,YNRG,2.147.147.66,4th Floor,203.229.161.110,79,64
1993,Hewett,AS,1993,VIGG,180.16.156.239,PO Box 26596,248.14.116.207,47,33
2006,Ralf,AF,2006,HKNI,168.207.197.127,6th Floor,53.165.161.105,29,14
2012,Jerry,NA,2012,KEDE,149.193.106.112,Suite 53,116.38.181.89,26,71
2006,Robby,NA,2006,PALU,190.59.72.71,Apt 39,240.25.176.226,16,73
2005,Dode,AF,2005,FKKG,191.55.188.195,PO Box 86692,175.220.220.255,99,24
1991,Federica,AS,1991,WICP,115.147.5.233,Apt 1400,19.181.227.178,98,10
1992,Alleen,NA,1992,CAP7,141.139.228.253,PO Box 5555,69.98.18.97,64,65
1994,Dur,NA,1994,AK81,78.252.91.219,Suite 43,134.194.218.24,67,94
2007,Hedy,NA,2007,KHAF,170.100.8.139,19th Floor,25.217.158.182,88,14
2005,Rand,EU,2005,LIQL,229.112.107.233,Apt 1429,108.39.150.60,66,63
2012,Ashli,NA,2012,MUSN,227.75.47.26,Suite 50,20.20.168.208,13,2
2002,Isadore,AF,2002,FNKU,27.177.223.151,Suite 9,239.253.191.136,94,3
2006,Kennett,NA,2006,KIFA,127.145.6.34,Apt 637,99.82.89.74,99,76
2011,Kitti,NA,2011,PFWS,211.158.38.235,2nd Floor,53.57.122.185,90,98
2006,Cly,SA,2006,SNMZ,118.75.82.56,PO Box 16062,106.174.35.13,85,10
2012,Kaylil,AS,2012,WMKJ,247.33.164.221,Room 1074,117.39.57.101,25,87
1991,Chicky,NA,1991,CYQT,19.56.187.249,PO Box 75680,45.0.22.254,35,41
1988,Hesther,NA,1988,KAID,222.237.43.23,Suite 78,39.137.199.85,28,39
2006,Giovanna,NA,2006,CYAM,176.113.185.230,PO Box 18217,25.214.139.2,39,16
2002,Will,OC,2002,AGGJ,34.74.148.166,Room 688,107.49.177.194,55,81
2006,Marielle,NA,2006,CYWA,20.166.37.102,4th Floor,11.59.69.103,2,38
2011,Estel,NA,2011,PAPN,100.83.41.34,14th Floor,73.38.195.5,77,74
1998,Dennie,NA,1998,KHXD,176.15.112.20,Suite 3,211.55.143.110,11,19
2011,Germain,NA,2011,KAGC,249.139.167.23,Suite 10,141.140.139.138,9,6
2000,Ulises,AF,2000,HESG,233.119.173.131,Suite 100,87.176.36.50,59,54
2011,Vally,AS,2011,RCYU,178.49.236.18,Room 1260,45.206.120.34,14,16
1996,Amandy,EU,1996,LGKJ,213.28.254.127,PO Box 93022,69.89.115.103,67,63
2009,Zitella,EU,2009,EGPF,1.91.40.111,Apt 604,4.6.228.140,21,53
2008,Lavinie,EU,2008,LPFL,143.224.21.208,2nd Floor,147.222.58.128,50,81
2010,Gaspard,AS,2010,VOPB,26.101.112.253,3rd Floor,207.128.218.137,21,99
2007,Llewellyn,AF,2007,DFEL,38.131.204.24,Apt 304,221.164.67.170,55,51
1995,Suellen,NA,1995,KPHT,222.26.156.255,Suite 11,137.53.56.242,97,88
1990,Casi,OC,1990,YIVL,44.220.217.26,Apt 906,209.178.138.77,91,82
2000,Sibyl,OC,2000,,92.141.60.29,PO Box 43318,84.249.3.131,63,16
2010,Celka,OC,2010,YMWX,87.182.177.144,PO Box 28503,231.78.1.112,100,2
1997,Emalia,OC,1997,YCKI,64.203.123.186,Apt 951,89.204.178.238,96,99
2011,Dena,NA,2011,MHJU,119.62.41.153,Suite 87,227.29.107.249,46,13
2007,Aurelia,AS,2007,WADA,130.164.71.155,Suite 88,144.1.85.42,93,59
1989,Sheilakathryn,AS,1989,OAKB,98.100.96.140,Apt 508,3.249.242.65,96,41
1994,Beret,AF,1994,DFER,58.71.50.100,Apt 440,148.89.32.108,19,52
2007,Gregor,EU,2007,LICT,131.168.55.64,Room 172,56.234.64.106,61,10
2008,Gerhardine,AF,2008,FMNE,28.193.223.134,Apt 761,20.120.200.142,1,27
2001,Cecilio,AS,2001,VIGG,221.200.115.100,Room 1191,63.162.172.50,62,37
2007,Theodore,SA,2007,SAWG,109.19.163.79,Apt 1255,56.195.102.173,71,34
2000,Nada,SA,2000,SDLY,211.19.204.36,PO Box 48059,204.175.207.24,21,79
2009,Cathy,AF,2009,HCMK,113.142.52.169,7th Floor,157.123.123.92,48,42
2010,Nydia,AF,2010,FABE,88.160.186.124,PO Box 79847,174.7.210.211,79,73
2002,Stefan,NA,2002,PAFA,253.9.102.64,Apt 61,115.105.140.68,45,28
1993,Dniren,NA,1993,KCLM,50.230.241.100,Apt 154,72.212.190.186,54,90
2007,Menard,NA,2007,BGKK,233.4.222.63,Suite 27,60.130.35.26,38,99
1988,Romeo,EU,1988,LPAZ,124.52.131.147,10th Floor,109.200.249.52,6,5
1984,Danyette,NA,1984,,201.103.174.161,10th Floor,228.50.228.51,98,63
2010,Dennie,NA,2010,KRHV,31.32.107.129,Suite 41,127.17.165.185,76,70
2002,Corbett,OC,2002,,232.125.118.156,Apt 817,225.234.45.246,40,30
2007,Ambros,AF,2007,GUOK,52.6.91.40,Apt 406,61.247.16.195,49,24
2005,Nita,AF,2005,HTMW,209.63.26.140,PO Box 60179,165.85.172.166,78,6
2008,Allayne,NA,2008,KPHT,26.189.218.71,PO Box 83084,111.154.114.49,75,29
2000,Helene,NA,2000,CYOJ,59.14.71.195,17th Floor,42.190.110.81,65,52
2012,Lon,SA,2012,SAVH,43.164.177.196,Room 1821,137.147.41.173,39,4
2007,Karoly,AS,2007,VLSV,235.78.145.21,Suite 16,58.155.81.83,19,95
2006,Lynnelle,NA,2006,KRKP,40.190.253.28,PO Box 68338,79.210.215.229,77,4
1992,Elihu,OC,1992,,242.136.6.221,12th Floor,134.173.224.58,57,52
2008,Edin,EU,2008,UHBI,247.173.150.154,Suite 72,125.86.227.55,11,49
2006,Bryce,AS,2006,VIGR,153.5.241.112,Apt 407,175.202.100.161,19,74
1984,Eduardo,EU,1984,BIVM,63.110.144.88,Apt 182,236.100.24.176,4,26
2006,Austin,NA,2006,KMVC,160.173.152.5,Apt 1730,210.207.92.198,39,65
2008,Harriette,NA,2008,1KC,93.192.28.250,Apt 443,94.49.42.92,34,26
1995,Abe,EU,1995,LKMT,142.175.244.204,PO Box 86063,74.50.68.93,90,45
2007,Kylie,SA,2007,SUDU,63.187.223.74,Suite 90,148.248.55.1,29,25
2007,Martha,NA,2007,KUDD,239.66.190.0,Suite 55,219.103.28.45,32,9
1993,Inger,OC,1993,NGTS,252.209.251.87,Suite 4,64.168.178.13,17,45
2000,Reuben,AS,2000,UHBB,213.3.132.64,Apt 1185,186.194.242.220,21,92
1992,Carlie,EU,1992,LGPL,214.187.91.55,PO Box 7234,22.38.179.89,82,61
2009,Roddie,AF,2009,HKLY,22.246.118.172,Apt 627,116.221.165.87,22,64
1995,Tillie,SA,1995,SWMW,9.215.34.159,Suite 98,134.189.152.218,75,47
2005,Bendick,SA,2005,SAZB,79.199.126.227,Apt 655,71.118.58.230,89,60
2002,Renell,EU,2002,LHMC,234.200.202.190,Apt 841,86.221.190.204,67,100
2002,Germaine,OC,2002,NZPP,48.16.206.212,Apt 1719,126.97.192.98,33,55
2007,Crosby,EU,2007,LEAM,59.158.32.3,PO Box 39907,170.42.122.211,49,55
2007,Nap,SA,2007,SBDN,216.35.196.50,PO Box 59808,34.4.63.189,91,30
2004,Daron,SA,2004,SLJV,126.79.30.21,Suite 88,120.162.250.239,97,21
2004,Jessamyn,NA,2004,MBSY,0.128.88.121,Apt 1848,19.209.231.177,38,73
2001,Larry,EU,2001,LEVT,120.134.89.92,Suite 44,50.62.137.96,27,31
1992,Delmar,AF,1992,HKBM,88.167.14.195,PO Box 86524,205.38.248.135,64,63
2011,Si,AS,2011,,155.59.155.182,17th Floor,188.124.204.163,25,23
2009,Paxon,OC,2009,YMDS,50.13.117.225,Apt 1111,155.169.167.209,60,67
1998,Jehu,AS,1998,UTDD,100.221.74.61,PO Box 49164,130.229.17.206,41,58
1994,Osbert,AS,1994,WIOD,255.192.171.140,Apt 610,70.214.25.123,46,27
1988,Yehudi,NA,1988,KSWW,137.176.131.65,Suite 14,36.56.112.61,25,62
1972,Berkeley,AS,1972,WIOM,206.30.230.40,Suite 8,9.50.89.94,85,7
2010,Celestyn,OC,2010,YGLG,158.21.39.73,Room 1754,104.65.172.245,100,53
2009,Deedee,AS,2009,VVCT,81.36.132.106,Room 273,201.50.151.239,22,26
2002,Desmund,NA,2002,KBTL,239.239.216.148,PO Box 43618,14.147.190.85,92,6
2007,Hewie,AF,2007,FMMN,137.240.252.20,15th Floor,113.123.155.121,46,67
2007,Christen,AF,2007,FMCI,83.243.34.154,Suite 13,90.73.14.14,70,29
2000,Odie,EU,2000,GEML,205.232.71.49,Apt 107,137.56.113.156,76,20
2010,Coral,NA,2010,CZGR,21.200.232.235,Suite 100,174.2.180.161,26,53
1998,Christopher,AF,1998,FNAM,41.138.45.220,PO Box 5373,64.27.10.179,11,45
1997,Cele,NA,1997,KNJK,91.84.178.82,2nd Floor,20.29.176.204,98,20
2001,Shanon,AS,2001,WSSL,137.67.186.66,13th Floor,156.171.203.4,42,92
2003,Rodrique,EU,2003,LGTS,123.136.157.123,5th Floor,140.139.67.168,46,21
2008,Darsie,SA,2008,SKIG,113.96.152.40,Suite 35,23.55.216.121,55,100
2000,Uri,NA,2000,CYQR,42.138.227.37,PO Box 53902,13.107.215.32,100,29
2008,Ber,SA,2008,SNCX,222.241.54.210,Suite 31,92.16.186.176,42,79
1965,Pris,EU,1965,LFRZ,138.181.145.63,PO Box 2900,65.192.53.194,78,45
2006,Archibald,OC,2006,AYLM,220.197.218.11,Apt 1818,213.19.13.224,74,89
2010,Hall,NA,2010,MUCF,86.17.20.60,PO Box 97362,75.61.243.125,60,49
1991,Harmonia,SA,1991,SBPV,35.254.132.150,PO Box 57359,177.115.46.233,92,82
2004,Dorris,OC,2004,NFKD,156.46.174.213,Suite 30,61.207.187.143,50,85
2012,Linn,EU,2012,EDXO,71.51.59.88,Suite 51,37.110.181.219,56,42
1994,Hillery,AS,1994,,63.144.183.65,Apt 1571,128.95.43.22,27,81
2011,Gabe,AF,2011,FMSY,170.43.151.214,PO Box 50923,192.198.114.233,54,22
2003,Jeremias,AS,2003,ORBD,10.103.138.182,Suite 88,43.207.216.157,3,2
2010,Harlie,NA,2010,CTR7,189.53.64.29,Apt 344,120.177.153.253,6,29
2002,Dorry,OC,2002,YDMG,187.155.227.79,Apt 972,150.45.30.200,72,66
2002,Darya,NA,2002,KPOU,198.9.153.228,Apt 1334,188.5.109.19,39,10
1999,Hadley,AS,1999,UAAA,184.235.120.110,Apt 240,251.153.204.205,77,10
1992,Dotty,NA,1992,BGKA,54.79.113.167,Suite 16,200.155.167.128,36,98
1989,Haskell,OC,1989,AYKB,2.120.241.253,Apt 1247,174.181.194.220,34,3
1988,Emlyn,SA,1988,SKCZ,253.84.160.43,PO Box 9455,58.172.36.6,9,54
1960,Latrena,NA,1960,KMER,93.206.61.209,Apt 1672,33.182.108.167,59,6
2012,Isabelita,AF,2012,FEGM,131.220.220.27,16th Floor,166.108.177.55,38,31
1999,Rey,NA,1999,KBE,193.117.124.57,Suite 69,9.183.159.241,54,54
2004,Cristen,OC,2004,YNBR,152.167.101.161,13th Floor,219.38.191.212,71,71
2008,Nicoline,AS,2008,ZUGY,22.126.9.66,Suite 30,202.185.226.123,49,99
1994,Ricca,AS,1994,ZWKM,27.230.130.174,PO Box 64375,89.186.7.212,92,36
1988,Boyd,NA,1988,CYFB,43.75.33.255,19th Floor,16.240.71.78,82,70
2007,Reginauld,AF,2007,FZEA,99.79.184.108,Room 1479,2.170.109.107,44,73
2010,Yovonnda,SA,2010,SAWT,179.112.158.172,PO Box 59688,57.24.239.159,1,18
2009,Kiele,SA,2009,SYIB,92.16.180.159,Suite 80,30.26.199.64,61,34
2005,Roxine,EU,2005,EKTS,61.42.235.101,Room 510,157.50.57.2,69,99
1998,Gypsy,AS,1998,OPSB,4.80.61.115,18th Floor,244.168.42.55,20,63
1981,Leonore,AS,1981,VOMD,158.19.90.203,Apt 1953,113.190.202.145,6,50
1990,Kinny,AS,1990,VISM,94.193.254.69,Room 1017,10.217.228.228,60,67
2002,Lea,AS,2002,VEGY,177.21.142.242,Apt 456,38.52.153.132,13,16
2004,Ninnette,AS,2004,VTBU,125.103.99.206,Suite 5,201.12.127.94,6,59
1984,Violette,OC,1984,NZPP,152.203.196.220,Suite 5,166.57.87.225,49,75
1993,Emmit,NA,1993,50I,168.2.188.246,Suite 31,191.234.154.26,42,60
2008,Dalston,OC,2008,NZWO,167.191.89.11,Suite 62,162.157.194.44,72,64
2009,Shayla,AS,2009,WMKA,68.149.75.234,Suite 41,131.100.85.215,55,9
1999,Cleve,AF,1999,DFFD,41.247.125.172,Apt 357,41.123.82.57,89,99
2007,Susette,NA,2007,KEEN,60.227.84.6,Suite 16,9.119.252.96,93,30
2002,Betta,NA,2002,MDPO,176.32.81.96,3rd Floor,97.253.64.167,14,12
1995,Natassia,NA,1995,KSWW,189.207.16.237,Suite 51,243.73.166.153,24,90
2007,Adrien,NA,2007,KLHW,64.169.233.230,Suite 68,183.194.124.230,13,18
1999,Pierette,NA,1999,CZO,159.201.34.26,PO Box 52743,50.215.116.69,31,56
1994,Harriette,NA,1994,KLZU,3.122.225.30,Suite 49,49.60.138.145,94,9
2008,Cassandra,AF,2008,FZVI,105.99.213.14,PO Box 85203,249.143.154.141,97,1
1966,Stephen,OC,1966,YCFH,35.204.5.140,PO Box 56315,1.42.131.109,33,22
2008,Sybila,AF,2008,HAFN,81.82.115.254,PO Box 98104,145.213.207.66,14,7
1978,Gustav,SA,1978,SLSI,85.169.154.244,Suite 61,34.249.167.74,42,100
2007,Fanya,OC,2007,AGTI,76.160.72.74,PO Box 15960,195.154.110.102,2,32
2008,Felice,AS,2008,VRMH,110.41.162.46,Room 1050,96.217.124.141,34,40
2009,Yance,OC,2009,YDAY,18.120.33.14,Apt 633,78.29.162.176,92,45
2006,Derward,AS,2006,LTCI,102.64.229.132,PO Box 99739,39.69.87.223,88,33
1994,Ertha,NA,1994,KGWS,85.77.1.25,14th Floor,155.15.250.183,39,39
2010,Eldon,EU,2010,EGCC,249.79.24.35,4th Floor,90.195.127.56,13,58
1993,Maximo,AF,1993,HASK,209.88.54.134,Suite 69,138.67.227.242,3,74
2007,Rheta,NA,2007,CYEN,212.128.147.91,PO Box 58410,82.126.201.154,58,35
1996,Alicea,AS,1996,WBGR,131.160.178.247,1st Floor,131.209.218.68,56,74
1998,Kingston,SA,1998,SNDT,5.86.121.142,13th Floor,47.121.207.59,60,45
2010,Tybalt,AF,2010,DNBE,65.102.171.236,Apt 1167,214.112.31.108,5,62
1996,Chic,AF,1996,DFCJ,248.211.234.191,Apt 955,126.207.231.128,57,32
2004,Kristopher,AS,2004,RPVF,137.32.85.31,Suite 34,26.172.158.7,49,65
2008,Adina,OC,2008,YHID,61.157.239.185,PO Box 28040,7.132.211.255,34,33
1992,Sammy,SA,1992,SNZA,166.252.161.28,15th Floor,169.68.253.39,40,60
1992,Talyah,AS,1992,ZBYZ,127.232.206.102,Apt 531,145.232.50.231,96,22
2006,Zitella,NA,2006,MBNC,108.154.227.244,Room 1879,142.250.215.181,66,42
1999,Maribelle,SA,1999,SKAS,51.160.151.199,3rd Floor,104.95.161.69,15,7
2007,Kristian,EU,2007,EGKA,120.67.229.230,Apt 1021,122.217.133.154,48,18
1997,Joline,OC,1997,YBKE,149.8.127.32,Apt 139,185.63.7.41,13,70
1987,Duff,SA,1987,SBCI,43.113.25.122,Suite 73,29.49.55.4,81,76
2003,Kippie,EU,2003,LFPB,143.51.40.218,Suite 75,173.172.216.24,23,91
1998,Benjy,SA,1998,SLCP,232.110.49.44,Suite 81,123.161.45.134,81,39
1986,Padraig,AS,1986,WIMS,180.94.114.132,PO Box 37435,122.247.205.197,91,14
2000,Lynnea,NA,2000,KERI,108.89.118.210,10th Floor,67.107.54.160,7,58
1993,Frasco,AF,1993,HLLB,131.102.112.202,Suite 41,35.0.233.208,30,15
2006,My,AF,2006,,119.89.250.187,Apt 67,89.95.69.111,34,93
2004,Rosene,NA,2004,PAWI,55.77.58.232,Room 483,113.176.131.168,17,88
2012,Gerhardt,OC,2012,YBAW,219.76.72.110,Room 1691,62.73.180.197,98,80
2004,Audy,SA,2004,SDRS,17.56.180.35,PO Box 58473,146.105.235.85,5,90
1998,Briano,AS,1998,WMBA,52.109.38.223,Apt 1176,40.183.145.19,27,53
1995,Celie,AF,1995,FYAR,27.233.128.17,2nd Floor,204.168.96.97,81,58
2007,Stillmann,AS,2007,RPUW,254.1.138.185,Apt 1881,131.124.87.189,78,31
2012,Krista,SA,2012,SNBU,140.160.202.65,PO Box 9424,173.28.91.130,80,81
1988,Kissie,OC,1988,YNBR,154.45.44.226,Apt 348,159.170.246.66,14,100
1995,Tris,NA,1995,CZBF,20.141.147.177,Apt 1846,149.178.140.78,14,87
1993,Gayla,EU,1993,LSGG,145.130.249.37,PO Box 28996,165.241.246.106,99,14
2009,Kelila,EU,2009,LGKY,206.97.118.243,Suite 4,74.2.146.120,63,54
2000,Dominique,AS,2000,WASF,234.110.110.42,PO Box 74747,186.224.38.33,33,28
2006,Maridel,AS,2006,WATW,133.48.104.149,Apt 444,143.55.243.71,25,9
2008,Ramona,NA,2008,BGSO,92.74.18.21,Suite 85,54.4.202.29,79,14
1993,Emery,AS,1993,RKSM,212.170.3.113,PO Box 27898,123.122.64.200,91,43
2010,Phillie,NA,2010,CYPZ,133.248.84.203,Apt 1220,175.74.153.137,32,34
2008,Ravid,NA,2008,,57.23.205.8,Apt 1060,179.75.245.77,15,78
2004,Florance,NA,2004,CYSC,136.151.170.108,Apt 1574,246.229.106.189,44,51
1994,Freddie,AF,1994,FMMX,162.94.163.53,PO Box 9927,241.91.99.218,29,69
2007,Merrily,NA,2007,MPSA,236.227.74.66,Apt 1782,244.151.103.90,32,57
2007,Queenie,EU,2007,,175.183.10.35,Apt 1368,122.109.106.18,60,90
2012,Korey,NA,2012,KHRL,155.46.24.123,12th Floor,101.25.200.51,20,8
2009,Anneliese,OC,2009,YERL,225.189.29.34,6th Floor,129.30.12.155,4,22
2008,Travis,AS,2008,ZMMG,187.89.50.248,Apt 1810,174.39.48.134,47,40
2006,Sybyl,AS,2006,OPSU,121.47.121.201,PO Box 34934,63.165.215.243,28,17
1995,Norma,EU,1995,ETSI,45.8.123.78,Room 360,51.102.62.207,32,48
1998,Carlita,AS,1998,RPVU,97.199.193.114,15th Floor,227.60.156.247,1,67
1995,Ronni,OC,1995,AYGG,78.15.185.72,PO Box 75815,217.118.8.47,34,12
1991,Allina,NA,1991,KFSW,138.84.87.49,16th Floor,183.15.53.253,6,32
1986,Augie,NA,1986,KISQ,162.1.15.202,Room 38,161.154.54.116,86,33
2006,Leticia,NA,2006,MMMG,96.114.34.33,Suite 35,128.83.81.251,93,88
1992,Conny,OC,1992,AYFI,181.5.166.125,PO Box 99673,186.108.88.81,36,100
2011,Oliy,AF,2011,DFEZ,3.107.45.177,Suite 31,76.16.120.138,27,69
2006,Nikolas,NA,2006,CYHM,60.245.165.131,PO Box 64514,121.205.41.24,53,37
1965,Noella,OC,1965,YMHU,149.151.180.196,Suite 93,86.175.74.99,95,54
1985,Shanie,NA,1985,KGTR,93.5.116.202,8th Floor,197.198.209.209,79,19
2009,Chev,AS,2009,OPPS,195.82.41.16,1st Floor,99.50.72.197,7,18
2005,Annora,SA,2005,,217.20.243.104,PO Box 23793,83.163.13.134,5,27
1985,Estrella,AS,1985,UBTT,65.147.76.146,Suite 22,33.201.53.204,18,49
2008,Jaye,NA,2008,PAII,63.243.60.97,Apt 1012,122.58.46.150,35,32
2000,Hana,AF,2000,DAOS,62.238.109.31,Room 1999,153.178.66.99,48,98
1994,Auroora,AF,1994,FOGQ,122.83.225.0,10th Floor,170.114.3.190,39,66
2008,Carolus,NA,2008,KBVX,58.218.50.200,Apt 925,1.48.135.109,9,32
1992,Carlie,OC,1992,YBAS,205.255.2.34,Suite 96,106.147.108.194,85,72
1995,Cass,AS,1995,,206.43.91.188,Apt 1101,49.95.174.112,20,72
2012,Derrek,AS,2012,WAMG,211.219.92.137,Suite 21,136.239.102.140,49,29
2010,Hal,AS,2010,RPLP,247.148.156.22,Suite 87,129.118.17.111,1,23
2003,Melita,NA,2003,Y01,243.14.201.40,Apt 318,84.5.27.235,20,44
1977,Madalyn,AS,1977,OPSD,141.108.211.73,Suite 60,185.174.138.207,62,12
2001,Esmeralda,NA,2001,KSER,190.99.47.54,Suite 13,101.146.233.216,44,76
1999,Waylan,EU,1999,ESSL,87.74.77.232,Room 1511,181.142.162.7,92,4
1985,Bern,AS,1985,WASC,133.37.188.84,Suite 17,131.240.25.73,16,80
2012,Quentin,AS,2012,,119.215.82.224,17th Floor,166.40.195.201,56,63
2003,Obadiah,NA,2003,KISM,6.165.141.116,Suite 47,183.18.236.246,28,99
2009,Marin,AF,2009,FZUG,181.187.225.9,Room 1707,161.184.187.244,1,27
1994,Gerhard,AF,1994,HSGN,254.101.255.254,Room 401,171.180.136.160,75,71
2005,Selie,AS,2005,ZLZW,95.198.105.188,PO Box 14577,26.103.230.91,9,99
1999,Talyah,NA,1999,KBVY,137.147.121.12,PO Box 75899,119.146.43.152,1,89
2006,Codie,SA,2006,SPZA,9.251.120.184,Room 609,253.86.73.243,58,40
1996,Mord,AF,1996,FYKT,9.180.47.112,Apt 1405,180.12.154.241,45,65
1993,Laurene,AS,1993,,99.83.235.187,Apt 311,189.165.78.41,50,58
2009,Carey,NA,2009,TFFA,18.72.157.123,Suite 27,167.174.142.143,98,52
1989,Caroline,AS,1989,ZSSR,183.104.185.247,Suite 1,191.112.190.189,27,92
2010,Olia,SA,2010,SAWH,125.87.226.30,Suite 56,201.255.4.243,77,28
2005,Wanids,EU,2005,UWKD,155.132.48.225,PO Box 57292,214.57.224.160,88,80
1993,Krishnah,AS,1993,,175.150.196.120,Room 553,19.217.183.238,56,18
1987,Jerrie,NA,1987,,198.68.8.170,Suite 74,205.17.88.14,21,46
2006,Casey,AS,2006,RPMF,92.193.93.50,13th Floor,249.141.148.142,64,37
2007,Emilio,NA,2007,PASO,249.110.167.39,Apt 48,24.162.159.75,23,13
2004,Burke,SA,2004,SBUF,105.136.134.46,PO Box 58795,149.39.191.180,51,55
2007,Anabelle,OC,2007,AYSU,88.19.131.204,Room 882,76.180.144.38,33,68
2000,Kirstyn,OC,2000,AYMI,119.135.153.25,PO Box 79557,72.104.37.89,7,42
2002,Lane,NA,2002,MMCM,77.11.85.98,PO Box 44980,243.229.7.131,30,2
1997,Larisa,AS,1997,ZGNN,38.59.251.228,Suite 4,127.122.193.253,1,99
2007,Elene,AF,2007,FBGZ,203.251.192.224,8th Floor,149.174.67.85,61,1
1990,Louisette,NA,1990,KEAN,171.209.220.234,Suite 1,148.41.220.208,7,7
2003,Tybi,SA,2003,SEAM,234.175.54.46,Apt 92,222.35.162.244,75,14
2005,Paloma,AS,2005,OAUZ,160.92.81.231,Apt 787,162.221.63.251,26,76
1988,Leisha,NA,1988,KTIW,8.85.253.16,PO Box 54301,116.217.164.50,31,25
2006,Sandy,AF,2006,FZGA,201.147.170.133,Suite 93,39.170.103.99,4,14
1998,Delphinia,NA,1998,KBPT,195.109.220.3,PO Box 45845,187.192.180.252,45,92
1989,Kimberlee,NA,1989,CZWL,113.210.166.112,PO Box 48573,4.15.80.161,99,61
1987,Frederigo,AS,1987,YPXM,204.24.69.104,Suite 38,6.15.13.85,52,9
2001,Salvatore,NA,2001,KFTY,126.59.16.68,PO Box 64375,64.0.82.196,68,56
1999,Marchelle,AS,1999,RJNS,151.48.242.120,6th Floor,152.189.215.34,52,76
2008,Fergus,AS,2008,OIMN,96.1.243.49,Room 1192,51.240.87.117,95,18
2007,Aimee,AF,2007,DAUI,101.117.45.223,Suite 86,11.25.111.73,17,48
2008,Benn,AS,2008,ZSTX,96.66.125.202,Room 589,105.188.46.173,75,72
1990,Olwen,SA,1990,SAME,228.38.39.123,8th Floor,146.245.55.3,52,7
2003,Elka,NA,2003,PALB,14.194.157.6,19th Floor,231.0.217.181,7,29
2011,Ardisj,OC,2011,AYPO,207.22.171.135,18th Floor,172.166.75.129,31,85
1995,Kennith,NA,1995,KCRT,130.255.63.118,Room 911,212.169.40.155,66,59
2010,Alf,OC,2010,YMUC,71.103.114.246,Room 134,94.72.134.164,63,71
1998,Latrina,OC,1998,YMIP,112.180.204.175,PO Box 1018,48.233.77.129,83,86
1992,Yule,OC,1992,YPMP,179.75.6.237,Apt 1665,41.136.6.157,52,88
1966,Jessi,OC,1966,,61.116.109.115,Apt 1919,254.250.89.64,13,84
2004,Rebeka,NA,2004,CEW3,145.182.149.26,Suite 23,185.138.191.27,10,74
2001,Freeman,EU,2001,UKLH,183.162.57.201,PO Box 79922,7.21.119.34,58,79
1999,Dulcine,AS,1999,ZLSN,67.158.105.152,Suite 94,233.57.102.246,53,80
1997,Tamiko,AF,1997,,107.1.47.2,Suite 18,88.162.201.79,26,87
2012,Melinde,EU,2012,LFKO,107.104.154.32,Suite 100,186.25.216.206,37,19
1997,Jerrilyn,EU,1997,UMII,220.184.48.73,PO Box 31799,52.114.115.124,81,97
2007,Susanne,NA,2007,BGCH,53.233.237.184,PO Box 57524,110.221.220.163,91,11
2004,Laurette,NA,2004,KBYI,47.165.116.73,Apt 1524,98.193.102.33,25,27
2006,Inge,OC,2006,,42.85.208.24,Apt 865,182.46.35.180,60,83
1998,Abran,NA,1998,CYHY,25.47.12.88,Apt 307,169.77.156.252,51,59
1990,Frasquito,OC,1990,YWSL,129.58.101.7,PO Box 44233,68.41.22.215,91,32
1983,Chev,SA,1983,SBSN,4.104.34.82,Room 451,39.16.200.69,71,49
1995,Fidel,OC,1995,,102.4.85.84,2nd Floor,228.138.73.32,84,9
2000,Jami,EU,2000,ESGR,226.144.17.182,Apt 1825,217.100.179.196,68,56
1999,Lionello,AS,1999,WAKD,255.208.172.222,3rd Floor,82.64.102.4,82,58
1985,Binky,SA,1985,SDCG,63.229.98.118,Suite 95,14.237.99.191,75,42
2008,Lucienne,AF,2008,,18.28.235.159,Suite 74,189.200.163.250,40,13
2000,Alysia,AF,2000,FMMS,162.24.36.153,PO Box 62484,10.208.21.30,43,93
1998,Felicity,NA,1998,KEPH,130.124.133.254,PO Box 65518,185.23.208.188,11,19
2006,Delcine,OC,2006,NWWO,155.11.171.160,PO Box 37765,48.252.159.105,94,17
2008,Perry,SA,2008,SYEC,172.19.158.182,PO Box 8304,42.190.80.114,59,46
2012,Marlie,NA,2012,PFKO,33.167.173.211,Suite 63,136.204.209.63,34,7
2011,Connor,NA,2011,KFSW,36.26.125.120,11th Floor,239.150.36.54,51,39
1991,Andrej,NA,1991,PAWI,34.126.49.12,PO Box 89976,37.236.243.238,86,71
2011,Jandy,EU,2011,BIEG,189.192.68.75,15th Floor,161.241.226.132,14,72
1997,Sherlock,AS,1997,LTBA,226.28.36.10,16th Floor,230.155.141.209,39,16
2009,Albertina,NA,2009,,32.26.155.65,5th Floor,32.174.106.38,65,62
2005,Hebert,NA,2005,MPLP,189.194.4.23,Apt 1652,39.226.179.66,21,7
2003,Lurette,EU,2003,LGRX,55.245.122.28,Room 1223,97.235.149.22,10,23
2004,Prisca,AF,2004,DBBK,68.48.13.81,Apt 1859,94.168.170.214,2,56
1994,Crissy,OC,1994,AYUP,246.243.115.178,Suite 13,126.9.254.203,9,6
1976,Sherman,AF,1976,,25.216.107.208,15th Floor,15.129.78.161,17,44
2000,Trish,EU,2000,LBSS,64.155.13.58,Suite 18,109.31.55.202,83,24
2005,Gannon,AS,2005,,95.66.55.19,PO Box 60294,168.11.123.189,29,59
1991,Bernita,SA,1991,SVPR,43.15.157.41,Room 1192,124.114.159.177,94,99
1994,Donall,SA,1994,SNJN,252.209.16.216,17th Floor,102.189.252.215,17,85
1994,Niki,AF,1994,DFEB,141.151.73.79,12th Floor,179.208.20.194,88,91
2010,Ignace,OC,2010,YWLU,108.69.206.208,Apt 1108,112.51.97.218,58,46
2002,Willdon,NA,2002,MYRD,185.118.126.36,19th Floor,155.9.170.73,11,36
2000,Franklyn,NA,2000,KLDJ,33.49.218.35,PO Box 81083,193.119.114.63,31,80
1997,Ermengarde,NA,1997,BGKT,30.200.253.120,Suite 75,204.87.214.33,60,15
2008,Andrus,AF,2008,DAOB,159.216.101.174,5th Floor,136.99.62.50,20,82
2004,Wilow,EU,2004,ULAS,203.221.92.193,16th Floor,211.29.51.145,59,53
1987,Carlin,AS,1987,UCFL,94.23.118.245,PO Box 42802,205.173.132.190,80,80
1996,Peadar,SA,1996,SLVR,59.87.248.61,12th Floor,177.95.57.69,78,62
2008,Cristin,AS,2008,ZPDQ,235.115.120.226,Apt 213,224.132.106.98,90,47
2009,Cirillo,AF,2009,DNCA,208.114.130.69,Apt 258,101.87.146.123,27,86
2007,Justinian,NA,2007,A61,91.226.24.25,Suite 20,221.19.162.29,8,55
1985,Vivyanne,NA,1985,KOXR,154.248.18.136,11th Floor,254.15.104.49,10,16
1999,Pammie,NA,1999,KMSY,45.222.192.125,Suite 77,224.59.9.18,96,54
2000,Carena,OC,2000,,44.247.205.177,Suite 81,126.45.18.141,95,73
1993,Raffarty,NA,1993,KGVW,194.49.120.235,6th Floor,33.30.247.59,62,99
2009,Gregoor,AS,2009,OPRT,124.11.15.194,Apt 1987,163.4.5.72,77,13
2011,Wilie,NA,2011,KCSM,96.244.126.204,Room 1441,229.100.106.174,28,18
1996,Martita,OC,1996,AYRE,38.233.71.103,Room 287,62.90.51.89,76,96
1995,Michelle,OC,1995,YCCY,62.50.59.211,PO Box 48554,195.213.125.78,77,39
2002,Far,OC,2002,YCBN,128.27.149.125,Suite 6,105.42.163.185,73,88
1994,Taryn,AF,1994,HLLS,214.128.151.164,Suite 30,213.178.141.250,81,81
1992,Saunderson,EU,1992,EHEH,105.206.107.25,18th Floor,221.247.244.160,31,47
1992,Yasmeen,NA,1992,KLWM,238.35.137.120,Room 1044,83.195.160.227,70,79
1986,Nial,EU,1986,EGTO,59.222.81.29,Suite 54,79.65.221.36,62,64
1993,Asher,OC,1993,NCAT,152.164.4.152,Suite 21,108.238.55.126,100,66
1984,Fabien,AF,1984,HSKG,113.144.144.58,5th Floor,208.123.132.96,12,2
2007,Hayward,SA,2007,SSER,30.73.168.217,Suite 42,252.78.248.220,65,3
2006,Terri,NA,2006,KOEA,248.217.219.58,Room 1648,16.51.219.77,5,83
1986,Portia,AS,1986,VOBI,33.200.45.9,Apt 890,172.22.44.19,56,43
1975,Arin,NA,1975,KGSP,231.170.115.75,PO Box 36629,94.167.116.132,89,26
1992,Andromache,NA,1992,KTNU,209.76.127.27,Apt 59,201.23.219.155,66,66
2012,Shandy,AS,2012,OOFD,54.23.165.214,Apt 16,52.169.239.165,13,8
1992,Heall,NA,1992,KTPL,88.241.250.64,PO Box 92125,174.215.163.6,31,26
2002,Binky,AS,2002,UHKK,166.88.92.81,Room 1182,190.192.214.7,59,26
2005,Julissa,AF,2005,FAKP,131.123.224.48,4th Floor,199.181.178.204,82,97
1994,Tomi,AS,1994,WARE,192.87.254.103,Room 1624,181.145.129.155,96,62
1981,Benedicta,SA,1981,SNWC,32.236.230.129,Room 764,80.187.81.164,58,88
2007,Beatriz,NA,2007,CAT4,140.70.246.28,PO Box 82836,40.172.229.126,10,35
2007,Garrott,AS,2007,WAJO,93.85.218.149,PO Box 30571,149.249.249.10,85,38
2011,Junia,NA,2011,KRSL,254.114.24.77,11th Floor,50.90.243.160,42,93
1999,Kristal,AS,1999,LTAY,177.34.51.41,16th Floor,19.112.62.213,97,20
1988,Flinn,OC,1988,YSHR,79.120.105.31,Apt 1523,168.173.85.37,35,43
2003,Kean,NA,2003,KSME,89.15.148.11,Room 1355,250.125.189.91,64,95
1999,Celinka,AS,1999,RKJY,69.45.237.188,12th Floor,63.180.157.187,18,100
1993,Deonne,EU,1993,LDSP,112.207.164.10,PO Box 13506,245.97.126.21,45,47
2010,Lilith,EU,2010,EGXC,104.166.53.16,Room 1540,65.10.80.160,87,26
2006,Byrom,NA,2006,KAFW,40.167.59.178,Apt 375,76.101.143.235,38,75
1994,Lockwood,OC,1994,NVSQ,159.17.68.216,Suite 4,202.232.44.150,49,58
2007,Christoffer,NA,2007,PHHI,41.36.155.182,Apt 1984,31.243.43.34,56,92
2008,Claudian,OC,2008,AYAG,56.162.20.145,Suite 62,116.167.85.28,44,71
2011,Lorin,SA,2011,SSPN,116.224.238.238,10th Floor,97.203.68.211,76,20
1992,Ingaberg,EU,1992,LIBC,137.200.235.176,PO Box 74280,205.111.89.131,72,29
2002,Anthiathia,EU,2002,EHRD,251.186.29.85,Apt 1335,218.147.175.68,90,62
1974,Lorilyn,EU,1974,UKLI,39.247.244.23,Suite 82,79.221.125.75,30,99
2009,Bail,AF,2009,FCBL,212.96.205.233,Room 1156,211.110.66.152,8,3
2008,Larisa,AF,2008,FCBY,39.221.118.207,4th Floor,180.41.24.98,97,69
1993,Berkeley,SA,1993,SVJC,142.173.163.212,Apt 1432,92.167.126.4,72,27
2009,Othello,NA,2009,CYOP,142.28.114.180,16th Floor,95.35.60.203,67,43
2000,Fionnula,AF,2000,FMFE,120.55.251.96,Apt 879,200.48.41.69,40,70
2009,Lloyd,AF,2009,DABT,96.123.172.2,Apt 122,9.103.225.55,94,13
1998,Saunder,EU,1998,LERJ,147.168.169.180,7th Floor,94.190.192.161,15,48
2010,Gaye,SA,2010,EGYP,149.176.199.12,Suite 49,123.118.42.189,31,100
1981,Franz,NA,1981,,156.219.104.197,Suite 56,176.40.187.208,87,82
2007,Mauricio,AS,2007,OIHR,232.33.205.228,Room 1839,19.226.174.101,92,36
2011,Cairistiona,SA,2011,SNMA,136.169.151.72,PO Box 96610,42.161.73.246,68,15
2003,Peta,EU,2003,EDHI,34.100.126.129,Room 803,37.82.176.31,98,37
1999,Edgardo,OC,1999,,108.30.87.28,PO Box 46376,169.140.134.227,100,69
1995,Siegfried,NA,1995,KLNN,154.70.174.50,15th Floor,106.193.252.21,49,89
2006,Court,NA,2006,KFFM,208.51.21.222,7th Floor,231.127.226.222,97,66
1993,Dorita,EU,1993,USDA,124.26.136.129,Suite 32,130.174.163.20,52,27
2010,Elset,EU,2010,LIPO,41.159.117.98,Suite 83,61.164.91.97,25,60
1984,Jeremie,EU,1984,LGIO,174.28.2.108,PO Box 48479,202.146.83.219,21,44
2010,Ashly,AS,2010,RJEB,213.128.25.193,Room 1649,84.2.7.175,76,91
2010,Mead,NA,2010,KHAF,80.162.235.103,13th Floor,105.131.114.3,21,60
2007,Rowan,AF,2007,,97.50.114.105,14th Floor,56.49.27.237,2,40
1987,Ruby,NA,1987,MMEP,218.24.222.176,Suite 57,146.7.232.110,19,77
2006,Evin,NA,2006,2W6,172.70.162.224,Room 1232,149.175.199.68,47,29
2000,Rose,NA,2000,CAP3,152.123.105.105,Apt 747,60.30.128.107,4,58
2013,Rosalia,NA,2013,,138.174.179.233,Room 1962,67.224.211.144,24,60
2005,Robin,NA,2005,KMHS,177.172.32.52,Suite 70,183.124.156.30,6,36
2002,Goldia,AF,2002,HLLS,176.107.30.74,13th Floor,22.45.203.248,24,27
1969,Katheryn,SA,1969,SSOU,32.145.74.229,Suite 13,151.144.223.122,86,22
1997,Bernadine,SA,1997,SKRH,181.17.74.37,PO Box 67707,40.228.206.175,35,85
1998,Tomaso,AS,1998,OIKQ,153.20.48.187,10th Floor,71.3.7.26,38,10
1985,Blondy,NA,1985,PATQ,130.19.210.163,Apt 825,55.226.27.234,83,56
2012,Annabell,OC,2012,YMTG,247.125.40.77,Apt 1543,40.17.174.94,44,41
1992,Haven,NA,1992,CYKG,140.4.99.101,Room 1613,229.203.82.228,90,26
1992,Burgess,OC,1992,,80.188.142.19,2nd Floor,178.125.35.100,80,83
2004,Val,SA,2004,SBDN,19.103.193.46,Apt 534,54.102.94.84,47,64
1992,Farah,AS,1992,USDD,54.227.34.38,PO Box 61853,85.5.72.210,26,61
2003,Rhona,SA,2003,SKCN,55.169.108.149,PO Box 76496,37.20.125.18,20,31
2001,Alden,NA,2001,UT25,88.253.29.212,8th Floor,17.16.103.104,95,22
2003,Sigismond,NA,2003,MMCP,148.38.40.194,Apt 767,50.184.55.66,76,10
1985,Ernie,EU,1985,ENHV,5.193.142.60,5th Floor,180.116.1.149,27,58
1995,Brittany,AS,1995,VVCT,190.158.0.21,3rd Floor,39.241.226.206,5,85
1994,Melodie,AF,1994,GLVA,115.13.166.205,PO Box 15114,228.3.216.197,60,33
1990,Erick,NA,1990,KFKL,68.150.246.143,7th Floor,193.3.118.223,1,46
2008,Rabi,EU,2008,EDDV,212.221.195.73,PO Box 71938,233.126.179.202,57,39
2004,Mohandas,OC,2004,AYNG,85.210.159.174,Room 646,5.180.8.98,47,61
2005,Izabel,AF,2005,FBLV,61.159.177.152,Room 869,245.165.151.253,6,56
2008,Baxter,NA,2008,KNJK,137.70.224.144,Suite 2,227.28.185.178,65,29
2004,Rafferty,OC,2004,YCWI,50.145.17.205,Suite 35,233.239.28.170,25,17
2009,Doloritas,SA,2009,SNVB,22.100.38.83,Room 1177,216.164.107.117,91,36
1990,Mabelle,NA,1990,KGRF,25.108.121.128,Suite 50,85.103.97.119,82,24
1992,Homer,AS,1992,VNRK,3.232.206.109,Suite 62,92.120.250.87,43,37
2012,Binni,EU,2012,LEXJ,18.100.83.79,Room 1698,184.74.254.91,5,5
1993,Olwen,EU,1993,UHSK,84.21.7.119,Suite 37,241.112.194.187,94,96
1990,Yalonda,OC,1990,AYVO,214.57.14.147,Room 519,149.93.214.128,45,15
2011,Lanita,NA,2011,TFFS,160.14.22.249,Apt 1788,29.168.205.185,93,63
1984,Hazel,OC,1984,YMGN,23.108.47.96,9th Floor,161.9.217.114,73,4
2008,Cort,SA,2008,SPEO,243.225.186.119,PO Box 30742,17.156.12.152,76,39
2001,Blisse,NA,2001,KDCU,64.106.189.149,4th Floor,2.90.162.121,66,60
1993,Thibaud,NA,1993,BGBW,148.233.80.87,9th Floor,94.229.218.219,17,82
1967,Joby,OC,1967,AYYE,214.144.19.202,Apt 764,78.81.6.134,70,97
1993,Earvin,AF,1993,FQMP,146.57.71.204,Room 507,245.205.242.135,99,74
1992,Kingston,NA,1992,CYAD,71.161.176.105,Apt 1501,240.56.28.165,74,15
1998,Lida,NA,1998,,4.68.243.77,Apt 1699,30.16.140.94,58,46
1992,Annabelle,OC,1992,AYKM,238.115.185.55,Suite 74,59.235.76.166,48,57
2009,Janie,AS,2009,USTR,248.211.217.89,Apt 1014,50.235.188.94,27,41
2007,Jud,AF,2007,FAGC,74.20.58.151,Apt 330,172.31.146.136,80,87
1976,Karin,NA,1976,MP00,204.55.178.113,PO Box 9103,63.22.234.222,57,57
1984,Abrahan,AS,1984,,174.93.40.114,5th Floor,206.17.145.182,84,19
2008,Mendel,NA,2008,CYCK,53.106.254.231,Suite 57,224.139.126.126,51,34
2001,Riki,AS,2001,WIOS,63.8.76.98,Suite 16,146.198.160.180,19,7
2012,Shantee,AS,2012,,245.228.109.45,Apt 734,82.86.140.194,70,1
2011,Cloris,SA,2011,SAZO,144.98.189.50,Suite 63,35.42.94.89,87,46
2001,Elly,NA,2001,KPHX,198.148.213.202,Room 809,53.65.23.137,85,56
2007,Cos,NA,2007,KMDT,71.254.49.214,3rd Floor,247.251.50.131,10,94
2006,Wiatt,NA,2006,PANU,134.74.28.82,Apt 956,216.182.121.194,54,80
2009,Sharleen,AS,2009,OIZH,75.50.68.84,Suite 46,101.45.74.22,4,100
2000,Babb,NA,2000,KLOU,55.49.179.242,Suite 21,237.179.223.103,45,20
2006,Orel,OC,2006,NVVD,6.130.9.202,4th Floor,109.246.147.35,83,75
1999,Thekla,EU,1999,LGKC,95.237.14.155,Suite 46,58.202.114.82,74,92
2008,Josy,SA,2008,SIAM,25.146.100.146,PO Box 87498,54.200.162.235,92,84
1994,Ines,NA,1994,PANO,7.125.71.241,Room 271,123.163.59.72,99,37
2006,Dena,AS,2006,OAMN,208.5.71.88,PO Box 71427,106.140.161.42,60,45
1992,Tessa,SA,1992,SARF,242.98.103.33,15th Floor,161.25.138.83,18,39
2005,Halli,OC,2005,NWWV,182.66.6.175,Room 813,102.184.47.135,39,46
2007,Carly,EU,2007,LPFR,125.21.167.31,PO Box 62276,28.245.9.125,83,65
1985,Red,AS,1985,UAII,80.228.171.47,11th Floor,1.61.81.38,97,86
2008,Rochella,NA,2008,KSEE,242.22.174.204,PO Box 35948,47.164.123.85,48,14
2007,Drucy,SA,2007,SILC,246.33.97.199,Apt 1042,141.64.205.26,71,29
2006,Kelcey,AF,2006,DBBK,75.178.60.141,Room 1789,159.48.60.247,38,99
2003,Teodoro,AS,2003,OPNK,103.103.39.219,Suite 97,181.40.141.176,80,91
1999,Gilbertina,NA,1999,KLND,166.154.4.137,PO Box 6855,114.243.162.127,40,8
1992,Julieta,OC,1992,,203.47.68.186,Suite 66,206.207.170.217,53,39
2009,Wells,SA,2009,SIII,190.217.47.155,Room 555,220.130.196.252,77,52
2003,Aurelia,NA,2003,KCHO,98.8.90.134,13th Floor,247.131.207.20,94,4
2006,Lynsey,OC,2006,YKER,81.131.51.202,PO Box 40366,64.125.31.11,76,60
1998,Solly,AF,1998,FAUP,141.181.129.237,Apt 1171,197.206.81.69,62,71
2003,Andonis,AS,2003,VVVH,238.220.67.142,Room 1531,12.215.230.46,52,72
1983,Marvin,OC,1983,AYTS,37.172.203.45,18th Floor,12.100.217.99,20,37
1997,Hunt,SA,1997,SAMM,76.209.191.198,Room 833,231.174.190.67,38,83
1997,Robena,AF,1997,HUSO,37.137.43.40,6th Floor,218.163.199.223,66,75
1996,Bernita,OC,1996,YBNS,15.70.203.184,9th Floor,255.128.6.5,76,41
2006,Lennie,OC,2006,YPDA,199.175.156.11,Room 1012,223.60.211.122,87,75
2005,Ericka,NA,2005,CYCH,40.199.224.3,14th Floor,23.246.47.241,81,14
2009,Sigismund,NA,2009,KHVN,222.176.134.81,Apt 514,24.91.43.245,62,43
2002,Mechelle,SA,2002,SCPC,39.216.113.215,14th Floor,202.197.45.153,20,10
1992,Glynnis,NA,1992,KGFK,123.206.198.179,Apt 866,25.194.156.103,92,80
2008,Muriel,NA,2008,KMKG,146.185.240.242,Apt 593,60.109.52.175,11,24
1998,Kim,NA,1998,KGVW,191.254.101.239,5th Floor,23.155.236.211,92,58
1985,Porty,NA,1985,KFTY,83.24.166.61,PO Box 18515,76.177.45.60,9,80
2013,Ursala,NA,2013,CYRI,233.5.7.176,3rd Floor,113.172.57.109,38,85
2001,Massimiliano,NA,2001,KAYE,193.144.94.27,Apt 1801,163.5.229.40,75,73
1963,Rich,EU,1963,EGNJ,237.63.236.242,13th Floor,16.135.230.59,64,100
2000,Doria,AS,2000,WAMR,181.163.222.191,Apt 716,36.38.95.197,13,40
1992,Rebecka,EU,1992,LIRN,235.188.99.135,Room 1580,185.247.75.0,27,43
1990,Katya,NA,1990,CYRA,74.95.228.243,Apt 847,97.53.13.41,98,25
2005,Lilith,NA,2005,KNJK,0.211.61.200,Suite 95,112.253.245.7,38,95
1996,Myer,SA,1996,SAVC,236.80.192.8,Apt 1576,3.231.166.225,22,63
2001,Candra,EU,2001,,86.85.179.26,Room 881,42.45.115.40,47,96
1994,Frederica,AS,1994,VTSB,126.121.254.208,Apt 254,26.216.238.21,23,56
2011,Joline,AF,2011,HAPW,27.6.138.65,Apt 1435,183.215.120.208,22,50
2003,Jerad,NA,2003,MDCY,243.14.24.3,PO Box 75723,45.82.217.77,8,32
2009,Brianna,NA,2009,KHFD,5.15.165.233,Apt 292,143.241.73.78,63,65
2004,Yuma,SA,2004,SACO,160.46.148.198,Room 1169,167.157.55.43,3,81
1995,Ash,NA,1995,,253.118.179.78,PO Box 64340,136.124.131.103,74,59
2006,Angelle,SA,2006,SPLN,250.78.127.233,Room 1322,67.32.179.112,74,90
2002,Jeniffer,AF,2002,HKLY,73.146.66.254,9th Floor,138.204.102.114,15,9
2007,Arvin,NA,2007,KMUI,129.241.150.14,Room 1764,7.110.214.122,44,77
2010,Edith,NA,2010,KADH,174.190.64.100,Room 1461,254.211.168.96,36,43
1990,Carri,AF,1990,FZGN,161.186.139.106,Apt 306,102.169.117.234,94,18
2010,Buck,EU,2010,EPKK,142.211.45.48,Apt 652,47.75.249.177,89,8
1989,Merline,AF,1989,FMSZ,176.66.27.245,9th Floor,173.30.105.234,68,55
2001,Richmond,AF,2001,DFOG,219.157.49.249,Apt 1982,170.144.191.132,98,25
2012,Minni,NA,2012,KARB,253.246.4.140,10th Floor,86.3.29.193,80,88
1992,Domeniga,OC,1992,YHHY,118.133.155.218,PO Box 9902,221.40.19.1,1,34
2010,Shaun,AF,2010,FMNC,176.153.3.32,19th Floor,105.66.214.18,39,5
2008,Trudi,AF,2008,,177.234.230.102,Room 1913,71.55.167.92,35,92
1993,Emelina,AF,1993,FNAM,136.193.48.5,PO Box 47585,170.99.225.36,75,79
2008,Melody,AS,2008,ZBYC,231.140.227.148,Room 1179,85.203.134.140,86,45
2000,Luce,EU,2000,LPMR,226.56.192.2,4th Floor,102.106.154.162,17,74
1985,Abie,NA,1985,KPHT,146.172.139.235,Apt 1768,161.117.3.231,8,18
1996,Teddi,NA,1996,MUBA,169.150.11.15,Apt 136,216.230.8.63,5,83
2013,Gretal,NA,2013,MHCS,101.159.154.124,8th Floor,156.150.137.228,35,96
2008,Maritsa,NA,2008,CYOS,8.107.10.185,Apt 1234,198.35.171.181,44,92
2005,Ingaborg,NA,2005,KCLS,187.228.244.153,Suite 52,198.15.235.238,30,41
1992,Flor,AF,1992,FLMA,15.242.61.113,11th Floor,74.161.124.54,5,20
2003,Marni,AS,2003,RPLP,41.193.216.37,Suite 56,76.4.201.176,71,43
2009,Sherline,AS,2009,ZBZL,206.124.83.146,PO Box 87481,48.135.103.138,73,96
1999,Amie,NA,1999,KUCY,116.221.113.177,PO Box 45571,164.241.26.94,2,68
1997,Rocky,AS,1997,,179.21.154.91,6th Floor,138.2.50.54,18,92
2012,Abraham,EU,2012,LPPI,102.12.63.8,Apt 1901,30.156.23.61,85,34
1998,Ardella,NA,1998,KOLF,115.15.64.77,PO Box 67494,186.186.146.125,8,54
1999,Rafi,EU,1999,UWUU,189.121.84.14,PO Box 22919,254.94.19.98,24,49
2012,Kelley,AS,2012,,152.4.188.91,8th Floor,243.232.186.30,3,86
2007,Madalyn,AS,2007,VNDP,247.65.151.148,Suite 38,208.55.41.85,91,85
2003,Leyla,OC,2003,AYXI,146.38.4.44,Suite 28,149.169.186.179,69,21
2012,Crawford,NA,2012,KOY,114.66.197.216,Room 540,165.91.19.103,87,52
2006,Stanton,NA,2006,KVSF,135.6.228.64,Room 413,35.80.63.173,34,23
2001,Margaretta,NA,2001,W99,137.167.246.24,PO Box 23810,190.200.152.251,12,69
2003,Neall,SA,2003,SCDA,29.136.28.211,Apt 1569,102.25.144.230,61,23
2007,Vanna,NA,2007,KSJT,192.156.239.122,Suite 41,96.138.144.228,4,48
2000,Allen,AS,2000,,54.208.98.134,Room 1820,82.1.203.173,21,100
2011,Nester,NA,2011,KPSC,246.209.70.106,18th Floor,222.82.55.76,78,56
2003,Devlen,NA,2003,KGBD,161.53.65.224,Room 1627,18.106.77.88,56,34
1995,Ly,OC,1995,AYTH,238.210.197.45,Apt 1620,72.21.0.53,10,36
1992,Jody,OC,1992,YLHS,75.72.192.18,Apt 1281,232.36.224.201,21,96
1998,Salomi,NA,1998,PANR,152.181.93.26,Apt 523,139.195.190.148,76,90
2007,Tiphani,OC,2007,,89.151.63.117,Room 808,215.165.101.211,43,13
2005,Spencer,NA,2005,KSEA,93.126.41.48,Apt 1450,91.170.241.70,29,4
1978,Malvin,NA,1978,KCNY,110.176.115.218,Suite 25,203.181.36.112,64,94
2007,Grace,NA,2007,KOXB,50.160.185.200,Suite 71,104.195.66.239,27,53
1990,Lester,EU,1990,EDLW,153.5.252.45,5th Floor,138.128.35.192,35,59
2006,Jeth,OC,2006,YSHK,105.59.32.88,Room 1131,70.251.26.209,43,72
1996,Paten,OC,1996,AYNN,81.82.149.25,19th Floor,2.19.199.58,80,70
2008,Edgar,AS,2008,WABD,93.108.125.1,Room 27,100.126.217.26,99,55
1989,Sasha,AS,1989,VDBG,104.61.108.35,Suite 12,109.214.248.177,6,89
1992,Emlyn,NA,1992,TFFC,93.104.92.189,Apt 493,250.42.99.192,46,18
2002,Olympe,NA,2002,CYRB,101.20.248.82,Apt 129,200.49.64.50,50,31
2005,Grantham,NA,2005,CYQF,4.58.93.94,PO Box 3106,54.86.233.65,95,93
1994,Nerita,OC,1994,,66.66.252.247,Room 1929,82.101.242.238,62,29
2012,Perkin,AF,2012,FZSA,248.254.118.20,Room 1025,222.118.126.65,56,86
2005,Karen,AS,2005,RCMQ,24.239.168.23,Room 1783,64.18.140.60,44,57
2010,Marc,SA,2010,SEMT,42.37.84.86,Apt 1384,61.188.101.136,77,56
1988,Fonzie,AF,1988,GVAN,35.225.68.73,13th Floor,203.72.150.42,50,41
1994,Tammie,OC,1994,YHLC,15.18.189.185,Room 155,192.9.178.80,9,50
1999,Zacharias,NA,1999,CAB3,83.143.123.191,Apt 1247,36.15.218.243,44,63
2001,Sinclair,AS,2001,OIKB,66.172.219.17,Room 1671,96.71.156.181,43,70
2008,Mordy,NA,2008,CYPC,179.56.183.203,Apt 1651,116.126.255.131,41,34
2009,Fabe,AF,2009,FZFA,242.10.221.190,Suite 82,181.240.111.236,83,28
1992,Hana,OC,1992,YWAV,51.103.209.24,Room 1966,21.152.37.174,77,72
2003,Onofredo,AS,2003,UBBB,61.172.154.201,PO Box 46074,100.70.83.110,72,2
2011,Moll,EU,2011,EKSP,166.3.130.137,Apt 1586,202.225.62.149,71,48
2002,Federica,NA,2002,KEGI,33.116.191.59,Apt 886,153.31.237.98,55,68
2001,Cathe,OC,2001,YKCA,50.111.206.146,Suite 40,130.252.83.232,24,30
2009,Lindy,AS,2009,RKRO,58.28.135.176,Room 1598,231.12.133.105,35,41
1986,Carmela,SA,1986,SBJU,100.2.126.22,PO Box 51628,238.162.246.176,73,9
2002,Katherine,EU,2002,EDFE,127.191.62.184,Apt 82,94.79.104.118,97,28
1968,Gerhard,AS,1968,RJEC,106.204.78.32,PO Box 93113,165.89.73.64,10,49
1966,Ulrika,AS,1966,UHBB,17.91.207.135,Apt 493,236.202.116.204,76,76
1995,Cristi,AS,1995,RJDA,181.93.177.34,Room 1476,229.165.192.226,7,2
2006,Jillene,OC,2006,YARY,181.205.163.151,PO Box 99377,244.93.249.206,56,6
2009,Sean,SA,2009,SBTB,116.77.45.167,Apt 519,28.168.151.11,38,99
1995,Oralie,SA,1995,SADP,228.142.4.106,Apt 1649,172.166.88.242,23,82
1984,Jayson,AS,1984,VNDL,74.150.174.29,8th Floor,179.240.34.101,58,40
2009,Hestia,OC,2009,,40.78.220.26,10th Floor,193.73.153.253,10,69
2007,Grace,AS,2007,VEMR,133.43.169.234,20th Floor,230.143.225.55,82,84
2004,Ludovika,OC,2004,YNBR,16.234.223.216,4th Floor,142.104.197.176,44,15
2003,Dame,EU,2003,EFHV,79.131.249.179,Suite 3,19.170.77.72,57,40
2012,Gary,OC,2012,AGGE,102.24.127.53,Suite 50,44.149.92.68,88,26
1997,Janetta,OC,1997,AYSO,230.15.69.143,Suite 37,17.164.203.43,17,35
2007,Basilio,AS,2007,OPMS,45.169.85.19,16th Floor,193.178.110.219,74,20
2009,Annamaria,NA,2009,KMPI,70.36.86.97,Suite 52,117.236.157.240,63,35
2010,Giulia,AS,2010,LLRM,169.106.44.238,8th Floor,186.118.3.208,21,74
2011,Fifine,AS,2011,UITT,211.12.98.33,Room 135,26.64.44.245,52,41
2000,Antonino,NA,2000,,244.109.85.85,PO Box 85412,19.131.59.244,22,49
1992,Stephine,AS,1992,,67.217.31.38,Apt 1135,50.213.102.131,10,20
2012,Tessy,AS,2012,OPBR,92.153.233.189,Room 520,185.218.89.116,64,65
1995,Whitney,NA,1995,KPSN,191.124.203.92,Suite 8,134.31.124.226,97,13
1989,Gilberto,EU,1989,EDWZ,47.245.146.86,PO Box 67541,94.171.226.142,79,16
2001,Maighdiln,NA,2001,KHBR,134.172.127.67,PO Box 45060,97.137.30.169,84,98
2005,Darcy,NA,2005,KVGT,239.110.16.212,PO Box 98480,156.160.75.245,10,84
1987,Felipa,AS,1987,,5.157.151.111,18th Floor,245.97.152.171,72,34
2007,Teirtza,SA,2007,SBEK,151.5.107.113,Suite 45,7.235.141.68,74,77
2009,Urbain,AF,2009,FYAA,68.238.212.89,PO Box 31382,199.182.192.71,42,1
1992,Karlan,SA,1992,SDJC,56.59.109.106,PO Box 26093,65.108.219.88,37,65
1994,Gail,OC,1994,YDLT,79.80.202.87,PO Box 36945,167.16.193.128,81,38
1992,Geoffrey,NA,1992,KHAX,53.80.88.155,Room 1236,205.143.205.214,74,65
1995,Mikaela,SA,1995,,86.44.173.27,17th Floor,193.219.32.77,42,42
2006,Ferdy,NA,2006,KCEW,190.189.121.239,Room 1095,160.99.99.107,51,53
1994,Brett,NA,1994,CAG8,110.247.124.75,Room 1536,171.70.219.169,90,64
2006,Paola,NA,2006,CYOD,187.227.53.197,PO Box 70945,53.63.145.65,35,86
2005,Debbie,EU,2005,UWUB,130.0.34.222,Suite 7,230.41.199.198,16,20
1998,Giorgia,OC,1998,YPKA,104.167.237.63,Room 116,3.227.72.170,26,64
1994,Jesus,NA,1994,CYAY,2.137.88.139,3rd Floor,176.40.8.4,93,76
2011,Pam,NA,2011,KLOL,170.243.76.60,2nd Floor,40.46.31.201,25,67
1997,Martainn,NA,1997,PAMB,145.74.133.239,Suite 83,36.191.146.254,55,22
2006,Gerti,NA,2006,KGUY,73.83.179.215,Apt 497,246.115.106.128,88,33
2011,Etheline,NA,2011,KRWF,149.94.214.13,PO Box 12791,50.113.248.108,78,78
1999,Jolyn,NA,1999,KFLD,16.20.206.55,1st Floor,249.208.51.173,11,44
2009,Stillman,SA,2009,SADL,128.132.84.37,PO Box 71059,2.248.61.163,48,13
1995,Deerdre,NA,1995,KPAH,125.198.3.7,Suite 91,182.191.230.222,45,11
1993,Hugibert,SA,1993,SBAQ,252.36.205.113,Apt 231,234.244.192.215,88,86
2003,Magdalen,SA,2003,,184.160.129.224,PO Box 22179,163.127.156.193,21,73
1999,Loise,NA,1999,KDYL,160.200.251.99,PO Box 54093,248.143.23.35,84,65
1996,Sally,NA,1996,KNRC,100.6.103.220,Suite 39,179.44.244.112,87,68
2011,Anallese,AS,2011,VNST,138.209.245.159,PO Box 55991,100.121.207.29,12,9
2006,Luisa,NA,2006,CYXL,151.104.43.243,Suite 19,63.194.122.108,6,18
1984,Cobby,NA,1984,KLQK,46.139.221.249,8th Floor,13.196.63.202,79,70
1978,Jard,AS,1978,OADS,140.226.168.125,Suite 82,206.125.196.244,49,15
1994,Linn,NA,1994,KTOP,25.96.249.165,Suite 84,156.208.63.245,42,40
2007,Queenie,AS,2007,VNRP,26.86.27.224,Room 1866,243.15.72.43,45,97
1993,Jemie,NA,1993,KMYL,112.229.20.48,10th Floor,23.64.204.117,44,88
2004,Evania,OC,2004,YLHS,186.149.46.221,1st Floor,152.167.125.20,12,57
2012,Jerrilyn,OC,2012,YSPV,245.115.221.209,Room 198,23.40.74.220,78,22
1997,Lamar,AF,1997,DAOR,7.54.24.156,Apt 272,78.185.7.133,4,94
1989,Lynnett,AS,1989,VGIS,158.211.180.169,Suite 29,32.124.34.219,72,83
2009,Whitney,EU,2009,URMO,202.213.82.121,PO Box 44479,4.86.75.7,33,68
2011,Charity,EU,2011,LFLU,86.48.92.254,PO Box 88909,243.59.67.151,35,70
1996,Rochell,EU,1996,EDFE,81.166.124.124,Room 1103,14.167.97.27,45,65
1988,Isadora,SA,1988,SBTE,85.140.39.21,Apt 414,170.207.169.169,81,38
1964,Agna,OC,1964,YOLW,203.143.112.253,Apt 1588,137.200.75.118,23,76
1988,Charles,AF,1988,HTRU,192.121.220.27,PO Box 50786,68.74.100.14,54,5
2003,Xenia,AS,2003,WBGN,169.6.168.209,Suite 24,167.228.127.218,20,29
2001,Gawain,AF,2001,FOOY,161.53.230.16,3rd Floor,24.68.23.64,75,92
2012,Barnett,NA,2012,KCMH,214.204.215.96,Room 1474,213.21.77.141,14,6
2001,Jecho,EU,2001,UUBP,156.71.33.150,PO Box 29073,170.67.236.229,86,4
1995,Terese,AF,1995,,51.46.1.53,Room 1191,183.139.210.191,67,92
2011,Clarke,AS,2011,ZMUL,102.160.151.254,Apt 1637,132.254.2.40,21,44
1985,Duffy,OC,1985,YLST,133.233.245.233,Suite 94,217.209.37.166,18,100
2006,Edgar,EU,2006,LFSB,107.146.170.37,9th Floor,229.235.54.221,62,70
1999,Deborah,NA,1999,PANC,78.35.203.17,Room 1564,237.106.3.201,18,68
2010,Rafi,NA,2010,KCLS,70.99.165.49,Suite 36,210.180.128.47,18,53
2011,Franciskus,NA,2011,KSAR,120.246.193.161,Apt 606,223.28.38.194,88,16
1994,Kyle,AS,1994,,108.180.137.56,Apt 693,32.98.156.31,56,17
2008,Mirabelle,NA,2008,CAP3,230.219.221.86,PO Box 20758,241.81.251.72,28,84
2003,Angus,EU,2003,EKKA,142.85.157.43,Apt 973,5.199.146.142,36,71
1990,Arda,SA,1990,SCBI,60.239.111.53,Suite 89,124.110.183.148,47,56
2012,Luz,EU,2012,LFTZ,255.186.228.220,11th Floor,57.53.83.120,59,15
2007,Trisha,SA,2007,,193.182.27.24,Suite 84,1.2.128.208,73,76
2006,Kaylyn,NA,2006,KLCI,85.29.203.10,Room 228,133.49.220.40,15,3
1970,Casi,OC,1970,YCAC,86.69.176.209,8th Floor,224.253.141.199,92,99
2010,Nicola,NA,2010,CYNE,5.154.66.196,6th Floor,121.80.123.205,54,98
1986,Truda,NA,1986,KBHB,38.216.63.21,16th Floor,218.199.35.144,25,42
1995,Levin,AS,1995,RJNW,10.98.186.207,PO Box 59061,37.221.149.243,52,25
2011,Carroll,AS,2011,ZLXH,176.254.124.198,Suite 75,30.96.239.49,15,58
2011,Brod,NA,2011,KGFA,202.237.139.19,Room 1371,107.175.143.79,13,91
1996,Bambie,AF,1996,FALO,76.253.251.244,PO Box 46196,219.63.211.208,18,24
2005,Kerstin,NA,2005,PAPE,17.54.188.231,PO Box 40103,34.114.51.91,56,6
2010,Kassi,EU,2010,LFRJ,47.36.228.43,Apt 1890,251.231.175.18,69,12
1990,Jolee,OC,1990,NTKN,184.188.250.168,9th Floor,55.255.139.90,98,62
2010,Kary,SA,2010,SAOR,88.22.188.228,PO Box 71310,24.131.27.127,67,60
2006,Ravi,NA,2006,KECG,123.7.75.48,19th Floor,75.197.20.167,89,42
1993,Lenci,NA,1993,MUMO,3.184.24.152,Room 575,215.218.108.37,69,39
2002,Dannel,EU,2002,EIKY,170.50.62.119,PO Box 45918,191.70.170.87,65,34
2012,Emmott,NA,2012,KRXE,152.200.201.62,Apt 548,47.64.253.74,89,89
1999,Nadeen,AF,1999,HCMD,124.82.113.46,Apt 896,151.225.194.6,65,3
2007,Jimmy,AS,2007,VECC,114.77.29.22,Suite 44,117.96.36.134,54,60
2010,Kerstin,AF,2010,FTTI,250.238.15.249,10th Floor,49.68.180.158,40,92
2012,Jany,AS,2012,ZBUC,212.102.105.96,Suite 26,56.245.65.46,67,61
1997,Tracey,AS,1997,UATG,207.230.228.209,Apt 951,48.122.223.52,76,7
1995,Morgen,OC,1995,YCHB,25.86.162.7,Apt 1546,110.226.3.241,30,36
2007,Ruth,NA,2007,PAPC,13.192.98.244,Room 1096,219.25.107.122,19,51
2006,Martin,EU,2006,EGWZ,49.247.111.35,Apt 570,17.230.66.75,21,10
2011,Maryl,NA,2011,CYFR,216.96.33.29,Suite 10,81.29.127.178,72,68
1995,Genia,NA,1995,41U,228.63.212.173,Apt 503,36.235.77.91,40,1
1994,Corey,OC,1994,YPMQ,61.89.253.137,1st Floor,108.54.35.80,68,68
2007,Emelia,AF,2007,DABS,190.192.69.85,Room 1389,99.226.39.8,26,79
2012,Cord,AS,2012,,101.92.221.221,Apt 286,107.203.98.140,79,40
2007,Garek,OC,2007,YSII,109.203.242.202,Apt 906,230.198.54.231,35,66
2003,Merle,AS,2003,OAHN,115.126.23.145,5th Floor,65.136.129.58,66,54
2004,Matti,NA,2004,PAVE,124.37.42.36,17th Floor,87.84.35.140,12,43
2009,Any,NA,2009,MMLP,47.124.122.153,PO Box 11512,7.74.78.38,30,6
1995,Stephana,SA,1995,SDTO,162.190.51.181,19th Floor,27.186.86.83,41,10
2000,Reinwald,OC,2000,,6.69.224.74,Apt 366,151.68.114.207,9,44
2002,Athene,NA,2002,KPAE,248.79.135.38,Apt 1144,185.204.103.89,29,43
2009,Diego,OC,2009,AYWS,247.67.102.206,15th Floor,251.214.132.202,77,94
1981,Melony,AF,1981,FYMO,52.137.158.241,8th Floor,9.33.53.101,21,22
2008,Mella,AF,2008,FKKC,247.236.182.218,Room 372,30.72.78.175,55,98
2001,Ash,OC,2001,YHMB,246.182.154.54,PO Box 8515,54.184.178.202,39,50
2011,Cristie,NA,2011,PAIL,88.203.106.210,PO Box 29976,58.62.170.25,68,8
2005,Natty,OC,2005,AYJS,32.22.20.124,Room 1022,30.201.69.135,56,70
2006,Danni,NA,2006,KEEN,131.34.225.251,PO Box 11951,165.46.240.174,1,70
1996,Kaia,NA,1996,MMCN,106.167.236.130,Apt 466,94.209.209.155,81,71
1995,Ernestine,NA,1995,13MA,86.1.116.205,17th Floor,47.76.108.208,43,47
1994,Odelia,OC,1994,YCNM,63.201.144.214,Apt 1956,71.42.86.7,97,94
2007,Cass,AF,2007,FDSK,240.230.52.180,Room 463,132.161.43.196,87,97
1994,Tann,AS,1994,ZSZS,224.55.249.155,9th Floor,94.55.58.116,68,89
2008,Finlay,OC,2008,NFBG,96.73.19.240,Apt 1085,133.159.91.11,9,81
2008,Boris,NA,2008,,146.2.82.27,Suite 87,137.241.91.5,2,39
2000,Hyacinthie,AS,2000,UTDD,108.206.104.30,Suite 24,185.213.196.137,74,62
1993,Rad,NA,1993,KFRR,128.73.161.194,Suite 9,96.188.52.191,73,73
2001,Jakie,OC,2001,AYSL,174.121.176.140,PO Box 63532,201.55.236.131,53,38
2006,Maurice,EU,2006,EGGW,200.105.8.28,PO Box 11173,71.39.236.178,90,63
1997,Thornton,EU,1997,LFMR,142.119.212.113,Room 303,52.51.107.148,87,54
1996,Margalo,NA,1996,MNNG,36.115.240.113,Suite 89,133.162.50.110,43,95
2002,Fidelity,NA,2002,KNRC,102.16.178.81,8th Floor,203.201.253.26,66,54
2002,Jordon,NA,2002,KGYY,227.34.242.135,Room 1899,191.130.120.198,14,46
2008,Clementina,NA,2008,E14,25.107.196.36,7th Floor,10.244.16.91,1,84
2011,Ilka,OC,2011,YAYR,142.125.2.224,Suite 87,112.65.253.96,16,20
1996,Gare,NA,1996,KSGF,16.163.87.240,Apt 1692,37.64.31.203,91,55
2009,Gilly,SA,2009,TUZ,37.206.194.23,Suite 7,201.111.142.121,82,88
1992,Amy,NA,1992,KHFF,2.161.207.241,Apt 610,22.3.238.92,56,26
2009,Zebadiah,EU,2009,LFKS,211.121.222.233,Room 793,134.2.74.41,84,54
1992,Chet,NA,1992,KMCC,77.26.29.106,Room 337,165.228.93.247,2,30
2000,Jordain,AS,2000,ZGHY,55.142.70.90,12th Floor,8.167.212.227,67,97
2011,Rona,AS,2011,RCWA,186.232.41.72,Suite 9,21.244.142.140,100,92
1994,Shamus,NA,1994,MMZO,126.137.151.145,PO Box 40410,28.204.14.7,92,2
2012,Arlee,NA,2012,N04,96.22.15.74,Room 1789,43.187.90.98,63,12
1999,Delano,NA,1999,KHAO,161.27.194.94,14th Floor,79.223.126.246,82,90
1985,Greta,NA,1985,KWVI,163.224.234.154,Apt 1523,85.177.154.142,22,67
2005,Ephrem,OC,2005,PGSN,103.149.14.209,PO Box 248,145.160.196.131,74,78
1994,Gideon,AS,1994,VIHR,220.213.22.210,3rd Floor,207.55.240.71,80,78
1993,Willy,NA,1993,KHSI,251.86.196.20,Room 779,142.142.160.156,46,5
2000,Vicki,OC,2000,,82.61.74.250,Apt 914,129.147.26.112,29,55
2006,Meriel,SA,2006,SKBU,93.244.91.29,Apt 221,144.113.67.182,17,43
2008,Abbot,AF,2008,HAAX,146.74.116.33,PO Box 84410,166.251.111.207,30,94
2001,Albrecht,AS,2001,LTAN,123.237.214.246,Suite 74,218.227.249.89,41,1
2012,Merrili,EU,2012,LRTR,248.34.49.32,PO Box 77983,159.31.241.150,92,19
2007,Vaughn,NA,2007,KSTE,245.35.87.39,PO Box 92705,18.119.122.48,41,68
1998,Marion,EU,1998,EKTS,150.29.44.162,PO Box 56683,81.54.172.19,83,54
2002,Carlye,OC,2002,AYTS,92.244.212.1,Suite 49,150.213.86.49,22,76
2004,Norman,AS,2004,OEPS,93.227.224.8,1st Floor,128.102.52.83,8,57
2010,Roderich,AF,2010,HSNN,117.170.227.10,Suite 22,85.253.168.201,86,11
2004,Gizela,NA,2004,PANV,131.5.25.139,Suite 7,46.250.6.26,56,1
2007,Talyah,NA,2007,KFHU,19.154.65.102,Apt 631,153.18.40.191,43,79
2009,Dave,NA,2009,2AK6,159.124.97.79,14th Floor,197.153.204.68,22,15
1979,Ilse,EU,1979,EETU,75.169.234.240,PO Box 94758,196.233.219.212,78,59
2007,Cooper,NA,2007,KMHS,113.111.153.107,Apt 536,80.17.72.60,74,65
1996,Godart,AF,1996,FQLU,173.21.19.171,15th Floor,35.123.125.19,8,62
2000,Devondra,OC,2000,YYLR,32.64.48.152,PO Box 104,73.5.205.77,42,9
1994,Madeleine,SA,1994,SNYW,141.78.123.193,7th Floor,69.62.10.38,19,91
1987,Gino,EU,1987,EFKI,206.130.200.21,Room 1719,119.204.229.58,16,83
1994,Ambros,SA,1994,SKHA,124.102.112.16,Room 259,118.244.211.114,37,97
2004,Tymothy,SA,2004,SKEH,221.2.38.244,Room 850,143.209.18.96,18,92
2010,Peter,NA,2010,KAIA,192.127.22.52,PO Box 18330,3.11.155.142,11,61
1993,Morris,NA,1993,KGXY,90.160.72.124,2nd Floor,126.114.217.37,9,88
2011,Vin,AF,2011,,195.100.117.64,Suite 99,98.116.161.40,32,62
1992,Anatol,AS,1992,RJSI,106.162.3.239,Room 1730,95.140.205.153,96,46
2012,Warde,NA,2012,KANW,134.193.128.135,PO Box 56413,157.161.190.56,85,59
2004,Burg,NA,2004,KHYS,252.252.228.7,Apt 654,66.1.81.88,51,2
1994,Onida,SA,1994,SPQU,124.47.60.186,3rd Floor,86.147.174.99,99,11
1996,Zebulon,NA,1996,,125.225.168.183,15th Floor,24.189.255.6,83,60
2000,Kenna,NA,2000,KRMG,69.96.126.88,Room 1711,59.81.238.59,87,74
1993,Nataniel,AF,1993,FYAA,161.239.39.210,PO Box 61112,209.80.34.113,35,10
2011,Mara,EU,2011,EGEL,90.175.189.90,Room 501,42.68.1.64,74,55
1995,Jennette,SA,1995,SKAD,204.144.241.41,15th Floor,231.248.35.80,30,7
2009,Cynthie,AF,2009,FZMB,204.103.27.3,PO Box 8285,14.212.220.122,43,18
1995,Tedman,SA,1995,SPTN,163.48.149.19,10th Floor,36.38.20.204,70,47
1993,Eve,AF,1993,DNZA,48.139.90.165,Room 567,78.183.169.113,24,79
1996,Erinna,NA,1996,KSIV,119.93.207.148,Apt 1194,178.215.49.124,13,79
1986,Gypsy,AF,1986,FKKM,118.53.52.83,15th Floor,105.215.131.201,98,27
1999,Franciska,SA,1999,SBTL,157.205.137.16,5th Floor,111.114.106.56,92,51
1988,Louisa,NA,1988,,155.108.250.165,Apt 145,241.236.80.174,38,52
2007,Ange,AS,2007,ZBLL,74.236.142.230,PO Box 26330,103.193.145.248,88,33
1998,Noe,NA,1998,KTYR,139.213.107.111,PO Box 59881,222.114.216.210,96,22
2001,Phillie,AF,2001,FNMA,221.2.25.102,Apt 787,197.230.131.78,84,72
2012,Kizzie,NA,2012,,107.156.149.56,Suite 2,219.153.88.128,13,99
1994,Burt,NA,1994,CZEM,11.92.47.216,Apt 829,222.166.64.127,52,30
2005,Jordan,AS,2005,RPMQ,40.47.129.127,Suite 36,20.21.130.61,21,7
2005,Fred,NA,2005,3IS8,125.229.119.252,4th Floor,27.179.165.145,63,15
1989,Lianne,SA,1989,SVPC,51.76.81.75,PO Box 84817,42.212.187.143,60,62
1993,Karlene,NA,1993,KSTS,105.24.70.165,Suite 16,163.13.30.205,81,17
2010,Curry,AS,2010,OORQ,212.183.132.71,18th Floor,53.85.184.164,37,91
2009,Eddy,NA,2009,,203.168.235.75,Suite 12,136.229.105.144,86,42
1992,Jobyna,EU,1992,LYTV,55.247.15.11,Room 554,119.14.100.242,62,89
2011,Matelda,EU,2011,EFTU,177.106.118.119,Apt 737,75.193.60.232,88,69
2006,Dani,NA,2006,,245.178.192.44,Apt 1004,254.206.13.23,28,39
2009,Aldridge,NA,2009,KDGL,127.143.52.30,Apt 97,60.237.30.63,99,99
2008,Almeda,NA,2008,,70.214.237.123,20th Floor,98.44.55.222,46,97
2005,Bryant,EU,2005,,61.181.68.234,Room 1027,60.218.42.176,47,44
1995,Hortense,AS,1995,VCCH,103.126.3.190,Apt 343,6.185.84.117,81,67
2007,Brander,EU,2007,ULAS,39.117.247.215,PO Box 11411,28.105.194.98,40,13
1986,Kenn,NA,1986,MWCB,115.227.51.112,Room 404,109.121.173.48,39,90
2012,Vivianna,NA,2012,PAEW,240.73.82.145,PO Box 19955,243.65.163.169,11,36
1993,Leupold,OC,1993,AYDR,99.182.190.213,Room 886,26.113.165.45,36,34
1990,Jody,SA,1990,SAAC,109.138.127.193,13th Floor,11.68.32.44,14,14
2008,Kira,NA,2008,KDGL,116.208.110.150,Suite 95,162.203.92.145,46,84
2005,Vernon,OC,2005,PLWN,61.222.248.81,13th Floor,98.157.163.248,18,25
2010,Titus,NA,2010,CYMX,14.85.125.199,PO Box 73587,179.73.97.190,93,89
2004,Roman,EU,2004,,104.46.158.143,PO Box 9521,158.54.221.157,75,82
1996,Cele,AS,1996,VVTS,227.91.126.229,Suite 96,224.135.124.150,38,3
1999,Elvira,AS,1999,UATE,198.162.26.169,Suite 49,209.83.175.120,70,1
2007,Rossy,SA,2007,SAWG,195.230.195.217,6th Floor,145.173.237.201,91,18
2005,Janet,OC,2005,YGTH,100.10.112.162,Apt 427,34.36.23.121,85,9
2001,Frank,NA,2001,KALB,230.75.142.203,5th Floor,90.255.56.18,30,5
2002,Tann,NA,2002,KTVC,104.44.111.56,Apt 688,10.233.207.246,17,98
2000,Arielle,AF,2000,DNGO,2.125.176.229,4th Floor,242.10.77.109,34,25
2008,Knox,NA,2008,KNEN,148.195.53.74,Room 1465,207.244.60.30,91,22
2002,Maury,NA,2002,KMSV,138.115.223.28,Apt 1265,184.186.45.72,15,23
2003,Sybille,AF,2003,FZAA,186.128.157.188,PO Box 51804,50.119.36.193,15,51
1992,Joachim,NA,1992,TJFA,216.113.115.219,PO Box 59027,138.239.68.18,55,14
2000,Rubia,SA,2000,,108.207.39.211,18th Floor,219.236.144.127,97,29
2005,Towny,AF,2005,FZOA,62.194.221.3,PO Box 49409,196.244.137.204,30,21
1998,Kaila,NA,1998,CYCZ,245.220.148.196,12th Floor,182.54.146.145,35,94
2009,Babita,OC,2009,NVVA,201.155.212.192,PO Box 84073,248.135.31.172,74,29
1985,Kerwinn,AS,1985,RKTN,192.54.76.125,Apt 478,128.253.188.116,40,64
1993,Berk,NA,1993,PAPM,237.91.173.149,PO Box 88451,28.195.100.53,19,17
1996,Seline,NA,1996,KHSE,114.195.85.17,Suite 10,151.23.208.22,67,89
2011,Marje,SA,2011,,40.173.54.161,Apt 1197,114.92.179.21,12,70
2002,Gloriane,OC,2002,YGAY,203.186.184.61,Suite 89,95.225.27.73,63,11
1987,Leila,NA,1987,MWCB,104.188.165.54,Apt 1603,120.186.46.98,98,1
2000,Niels,OC,2000,YDDF,222.68.220.31,18th Floor,21.100.142.100,2,88
1983,Chantal,AF,1983,FAEM,21.68.142.162,Suite 64,87.143.100.97,19,24
2011,Arlan,NA,2011,,190.44.222.54,Room 959,229.184.151.77,65,47
2003,Kirbee,NA,2003,KMFI,2.229.2.130,Apt 1420,98.154.73.177,8,81
2011,Samuel,EU,2011,LFQT,16.218.58.245,20th Floor,151.242.201.41,35,30
2009,Clywd,NA,2009,KAEX,106.230.19.1,Suite 47,49.191.63.81,5,87
